case_id,task_type,benchmark_level1_id,prompt,reference_assets,duration_seconds,resolution_class,aspect_ratio
cn300v2_16089d4efedcd1aec882d85d,t2v,1,"这是一个动漫高燃动作风格(Sakuga)的镜头。在昏暗的体育馆内,观众席被虚化处理,一束强烈的聚光灯“唰”地打在赛场中央。一位身穿白色紧身比赛服的体操运动员站在那里,肌肉线条清晰紧绷,正处于跳马助跑前蓄势待发的起始姿态,前方就是跳马器械。",[],8,720P,9:16
cn300v2_1d716ac93c35a481e0151e29,t2v,1,视频风格: 冷金 黑灰白 深夜感 高级克制感 空旷感 电影感 留白 Dior / Chanel极简美学 呼吸感 画面:镜子里的陌生自己,[],10,720P,9:16
cn300v2_3b763afc64488d506bafd4f7,t2v,1,以该视频的人物形象和背景作为本作品后续生成视频的起始,[],5,720P,9:16
cn300v2_94753e3cb2a908b8c882435a,t2v,1,"镜头一,0—5秒,仙境空镜。 超广角俯瞰星空云海,云层如银白浪潮缓慢流动,巨大满月从薄雾后显现。镜头贴近云层向前低空滑行,同时轻微向上抬升,并沿圆月做小幅弧形环绕。星尘缓慢漂浮,半透明绸带从画面边缘掠过,月轮光晕逐渐增强。画面中暂时不出现人物,以空镜建立神圣、辽阔、静谧的月宫氛围。神话电影空镜镜头,IMAX胶片电影质感",[],5,720P,16:9
cn300v2_969b456204dda6c2fa41e80d,t2v,1,"场景,会议室,仓鼠站在桌子上,狮子卑微的站在仓鼠对面,为背景,画面先聚焦在电脑画面,画面缓慢拉远",[],5,720P,16:9
cn300v2_a4b8ebfda1050a4b69e8adba,t2v,1,"强调负面能量是从同学议论的负面平价中生成,从议论的同学们中汇聚形成并向主角逼近",[],8,720P,9:16
cn300v2_aefc204d35603d935dc58ec7,t2v,1,"从地面以50°仰角朝天空拍摄,白云在蓝天下缓缓流动,大片白云簇拥飘移如同陪跑。云层中隐隐约约浮现一个小婴儿的轮廓形象,柔和朦胧,若隐若现。画面宁静、梦幻,24帧电影感,十秒钟时长。",[],10,720P,9:16
cn300v2_335211b9b48c26be782220b9,t2v,2,"主体: 一只中华狸花猫,后腿站立,双爪握拳摆出“问路手”起手式,眼神犀利,胡须紧绷。 场景: 老旧的木人桩旁,晨光透过武术馆的窗户照进灰尘。 动作: 猫爪快速击打木人桩,带出残影,动作捕捉瞬间。 画质: 电影级光影,8k,写实摄影,索尼A7R4风格,浅景深。",[],6,720P,9:16
cn300v2_463df6ef9644659c634bde80,t2v,2,"豪华汽车广告,一辆高级轿车停在现代都市街道上,采用电影化的剪辑风格,柔和的晨光洒在车身上,营造出宁静的都市氛围,中控台旁放着一杯咖啡,内饰细节精致考究,车辆平稳地行驶在优雅的城市道路上,着重展现平静与舒适,轮胎的舒适触感,柔和的色调,浅景深,超写实的画面,电影级的灯光,奢华生活方式摄影,简约而精致的构图。",[],10,720P,1:1
cn300v2_6034e1bb0b8b50440c1455c3,t2v,2,"高空俯瞰天界浮空仙城,成片中式古建天宫错落悬浮于云海之上,巨型环形科技能量屏障笼罩整座仙域,流光光束在楼宇之间穿梭,机械灵鹤在空中巡航飞行,数位仙人立于浮空云台,衣袂随风飘动,云海翻涌,霞光漫洒,镜头缓慢拉升平移,史诗宏大,仙幻赛博,电影质感,4K动态视频",[],10,720P,9:16
cn300v2_782de1e6e944bcad2a01cf29,t2v,2,"固定镜头,黑色深背景,金属蓝/银色原子球,蜂窝状晶格结构,微距镜头,加入扫描光、数据点、能量流,让它更“智能”。 金属球体和细杆连接成规则分子网络,景深很浅,前景原子虚化,中心区域清晰。 一道冷蓝色扫描光从左到右掠过晶格,经过的位置浮现半透明数据网格、能级曲线和节点标记。",[],4,720P,16:9
cn300v2_b26598540b342876ca759417,t2v,2,"手机前置摄像头拍摄,中近景双人并排同框,全程自然手持微晃质感。7岁弟弟满脸沾着黑灰,气鼓鼓地拉着搭档贴着墙根快步走过昏暗走廊,镜头随着脚步小幅颠簸。弟弟鼻子一抽一抽的,委屈又不服气地凑到镜头前。现场音效:拖鞋蹭地板的脚步声由清晰到模糊,远处隐约传来爸爸醉酒的嘟囔声。全程无背景音乐,仅保留现场环境音效和人声。",[],4,720P,16:9
cn300v2_e9dc117b5fcbcbe58c5f2efd,t2v,2,"清晨园区生态花园空镜,花草叶片在微风中轻轻摇曳,露珠闪烁,金白色晨光穿过枝叶洒落,嫩芽与花瓣特写,镜头低机位微距缓慢推进,随后轻轻拉开看到整洁自然的绿植景观。画面清新、安静、通透,象征生长与希望,真实电影感,简洁大方,高级克制,柔和景深,自然色彩,企业宣传片质感,16:9。",[],8,720P,16:9
cn300v2_f470bb7cbbfb75ecdea01fff,t2v,2,"超真实写实电影画风,8K 超清分辨率,电影级室内柔和光影。全屏固定镜头。画面切入炒茶交互界面,快速闪过操作提示,随后炒好的茶叶落入白瓷盏,条索匀整。无人物表演,仅游戏界面与成品呈现。音效分层:人声为系统提示音:""炒茶小游戏:控制火候与翻炒频率,将茶叶炒至合格状态"",以电子提示音呈现;环境音为炒茶沙沙声、火候提示音;无背景音乐。",[],4,720P,16:9
cn300v2_046e0c81c9735846a18cfdc4,t2v,3,"生成一段小狗自然活动的视频,动作连贯,画面稳定,主体明确。",[],5,720P,16:9
cn300v2_1ed96361931497f8c30ca700,t2v,3,"电影质感,中国农村的农家院子,阳光明媚,一个35岁左右的农村妇女身穿朴素的碎花上衣,面带微笑,手中拿着一把新鲜的绿色草药,对着镜头自然口播,动作流畅自然,表情亲切真实。慢镜头风格,自然光线,柔和色调,背景有农村房屋、菜园、晾晒的衣物,画面稳定,24帧电影感。",[],10,720P,9:16
cn300v2_4bef183f882ea733038189a8,t2v,3,"海边日落,夕阳染红海面与天空,金色余晖洒在波光粼粼的海面上,海浪轻轻拍打沙滩。镜头缓慢向前推进,营造沉浸式电影感画面,温暖柔和的色调,光影层次丰富,画面稳定流畅,氛围宁静而浪漫, cinematic quality。",[],5,720P,16:9
cn300v2_6a2ba05830e75103fbee6edc,t2v,3,"动漫风格。一座古色古香的寺庙大殿内,一位年轻女子身着素衣,虔诚地跪在蒲团上,双手合十,向高大的菩萨金身磕头祈祷。菩萨庄严慈悲,身后散发出耀眼的金色圣光,怀中抱着两个可爱的小婴儿。菩萨开口说话,声音温柔而庄严,台词是:""今天就把这对来传给你,接住了。""画面充满温暖神圣的氛围,柔光笼罩,圣光缓缓扩散,镜头从女子仰拍至菩萨,稳定流畅。",[],10,720P,9:16
cn300v2_746b4153f1b237bb0649e8b6,t2v,3,"超真实写实电影画风,8K超清分辨率,电影级自然日光。全景镜头,固定运镜,画面稳定无晃动。 崂山书院深处,古树参天,青石板路延伸向远方。守山人(一位身着朴素中式长衫的年长男性,面容沧桑而温和)从石凳上缓缓站起身,动作舒展自然,抬手指向书院深处可见的三条岔路,三条路分别通向不同风格的院落——左侧是竹林掩映的幽静小院,中间是青瓦飞檐的正堂院落,右侧是花木扶疏的别院。 守山人神态从容,目光平和,嘴唇自然张合说出台词,口型与声音完全同步。 音效分层:人声为守山人台词,清晰为主;环境音为风声再起,树叶沙沙作响;背景音乐渐强,氛围感音乐,音量低于人声。 台词:""三条路,你自己选。选哪条,都能走下去。"" 人物动作自然舒展,无夸张表演。严格遵循脚本内容,不新增任何人物、场景与剧情元素。",[],6,720P,16:9
cn300v2_800e4417383a86886ea376df,t2v,3,"极速 FPV不稳定的镜头运动, POV 视角,8mm 鱼眼广角,一镜到底穿梭在乱序的中国学校教室。无形的力量掀翻课桌,成千上万份试卷在空中飞舞。学生惊恐躲避。镜头冲破窗户玻璃在红砖教学楼间高速飞行,强烈的夕阳残阳对比室内闪烁灯光,体积感纸张飞舞。写实物理,极致速度感。",[],10,720P,9:16
cn300v2_ccf22454a3610ca5701a27fb,t2v,3,"在一个下雨的赛博朋克暗巷里,红蓝交替的霓虹灯闪烁,地面的积水真实地倒映着光芒。画面中央站着一位黑客少女,她留着银色短发,身穿黑色反光冲锋衣,护目镜推到了额头上。 镜头以极其缓慢且平稳的速度向她推进,没有任何晃动。随着镜头慢慢滑向她的脸,焦点始终牢牢锁定在她的双眼上。镜头前落下的雨滴带着自然的模糊感,而少女皮肤的质感和冲锋衣的细节,随着镜头的拉近变得越来越清晰。整个动漫风格的画面充满了深邃的空间感,一镜到底,极其丝滑",[],8,720P,16:9
cn300v2_102ccafb1785eb353b98c753,t2v,4,"俯拍女帝 坐在帝位上 垂眸思索,指尖轻轻敲击龙椅扶手,神色带着些许郑重与斟酌。女帝(内心 OS,用中文):“这是我第一次处理军政,他说的好像有道理。”柔和暖金色局部打光。2d,二次元,动漫风格。高细节,8k分辨率,阴影部分颜色清透,场景纵深感,4k超清,hdr,细节丰富完美,阴影部分层次丰富。人物的服饰妆造发型稳定,角色细节不变,角色符合设定。",[],8,720P,16:9
cn300v2_304ca27d99cbbbf5a14f57ed,t2v,4,"回忆闪回(叠层画面)画面叠旧时光滤镜,模糊展现老先帝时期接待外国使节的片段:外国使节身着异域服饰,列队站于殿外,神色恭敬。先帝虚影居于主位,宫人、使节为配角。宫人带领使节游览京城街市,赏赐珍宝布匹。。2d,二次元,动漫风格。高细节,8k分辨率,阴影部分颜色清透,场景纵深感,4k超清,hdr,细节丰富完美,阴影部分层次丰富。人物的服饰妆造发型稳定,角色细节不变,角色符合设定",[],10,720P,16:9
cn300v2_0e1e26ddebd31afdab3f688e,t2v,5,生成一只科技形象的马快速极速奔跑的视频 不要运镜,[],5,720P,9:16
cn300v2_4dbc84648ca2af332d227331,t2v,5,"超真实写实电影画风,8K 超清分辨率,电影级室内柔和光影。中景镜头,跟拍运镜。主角掀开茶室布帘走入,室内烟气袅袅,茶师苏晚坐在茶席前,温杯注水的动作行云流水。人物动作自然流畅,无夸张表演。音效分层:无人声;环境音为布帘晃动声、煮水咕嘟声;背景音乐轻缓,音量低于环境音。",[],5,720P,16:9
cn300v2_8580d894831beac4ebab5147,t2v,5,"第一人称视角,从家中房间内向门口拍摄。两个肥嘟嘟的可爱小婴儿蹒跚向镜头走来,张开小手臂,脸上带着开心的笑容,嘴里说着""妈妈我来啦,对不起让你久等了""。温暖的室内光线,柔和的家庭氛围,婴儿步履不稳但努力向前走,慢动作质感,温馨感人的亲子时刻。",[],8,720P,9:16
cn300v2_91a6b57b93ea339fba41c027,t2v,5,"狂风呼啸的摩天大楼屋顶,背景是一轮巨大的红月。一位身穿黑红机能服、戴着面罩和赤色长刀的赛博忍者正在极速冲刺。 镜头先是在侧面跟着他跑,画面带着强烈的动漫速度线。接着,镜头迅速倾斜,连带着大楼的线条也跟着倾斜,营造出强烈的失衡感。忍者突然急停转身,此时出现了一种极具压迫感的视觉特效:忍者的身体大小不变,但他背后的巨型红月却仿佛突然被拉近,瞬间放大!紧接着,画面极其干脆地切到忍者的眼部特写,眼神锐利。最后,镜头像无人机一样极速拔高并向后撤退,忍者的身影在巨大的红月下迅速变小。一连串高燃运镜,视觉冲击力拉满。",[],8,720P,9:16
cn300v2_9b02d5d1987945abcea590b4,t2v,5,"90年代中国二维赛璐璐动画风格,4K电影级画质,国风水墨质感。古寺大殿内,烛火在地面上摇曳,投下跳动的光影。小陈(身穿蓝色粗布短衫,黑色布裤)惊恐地后退,背撞到了殿门。他面前的画轴无风自动,画中仕女的红袍在画布上缓缓飘动。镜头从中景快速切换至特写:画中仕女的眼睛发出幽微的红光,嘴角的弧度缓缓扩大。小陈转身要逃,殿门突然自己关上。他拼命拉门,门纹丝不动。镜头切换至远景:整个大殿的灯笼一瞬全部熄灭,陷入彻底的黑暗。黑暗中,只听到小陈的喘息声和一句轻声的叹息。最后画面:画轴从墙上缓缓飘落,落在地上,仕女的眼睛在黑暗中微微发光。电影级运镜,快速切换景别制造紧张感,光影从暗到全黑,结尾悬念强烈。音效:殿门沉重的合拢声,小陈用力拉门的响声,最后所有声音戛然而止,只余一声空灵的女子叹息在黑暗中回荡,悬疑配乐在最后一声叹息中骤停,留白。",[],10,720P,16:9
cn300v2_f9cb5063f668f19fff285f21,t2v,5,"### 场景:未来城市街道(夜晚/外/阴雨) **分镜1** 镜头时长:0~3秒 镜头:大远景,街道纵深处,远距离,从街道入口平视拍摄,推镜头。 阴雨天气,高耸摩天楼群挤压出狭窄街道,紫蓝色霓虹灯管在雨雾中闪烁,金属地面倒映着破碎光影。远处警报声由远及近,雨滴击打金属地面。 **分镜2** 硬切镜 镜头时长: 3~6秒 镜头:中景,街道前方,中距离,从少女前方侧拍,跟拍。 机械少女身穿兜帽风衣,低着头在狭窄街道中拼命奔跑,身体微微前倾,斗篷在雨中飞扬。她的机械左腿在金属地面踏出清脆敲击声,急促脚步声和机械关节转动声清晰可闻。 **分镜3** 硬切镜 镜头时长:6~9秒 镜头:近景,少女上身,近距离,从少女右侧拍摄,手持跟拍。 少女不时回头张望,眼神充满恐惧与决绝,兜帽下露出半张脸颊。背景中红色警示灯在高楼间不停闪烁,尖锐警报声持续不断。",[],9,720P,9:16
cn300v2_15298e49406051d0181f6b67,t2v,6,"一只3D拟人化的可爱小猫咪,头上卷着许多卷发筒,爪子轻轻握着一支精致的眼影刷。它身着一件浅兰色的丝质睡衣,领口和袖口镶着蕾丝花边。猫咪坐在明亮的梳妆镜前,镜台上摆满了各种色彩斑斓的眼影盘。它微微眯起眼睛,专注地将带有珠光的紫色眼影,轻轻涂抹在眼睑上,长长的睫毛随着眨眼微微颤动,在灯光下闪烁着光芒。猫咪拿起眼影刷,在粉紫色眼影上轻轻蘸取,随后凑近镜子,微微眯起眼睛,从眼尾开始,细致地将眼影向眼头方向涂抹,涂抹过程中,脑袋随着手的动作微微转动,确保涂抹均匀,同时耳朵时不时动一动,仿佛在感受自己的专注。涂抹过程中,脑袋随着手的动作微微转动,确保涂抹均匀,同时耳朵时不时动一动,仿佛在感受自己的专注,电影质感",[],5,720P,9:16
cn300v2_87279026bc902cc3f951ceda,t2v,6,"电影以拍摄风格及运镜,大型游轮驾驶室室内近景,光线明亮,窗外是白茫茫的极地雪景。画面主体为站姿挺拔的船长,船长身穿高档制服,侧脸严肃沉稳,双手举高倍望远镜贴合眼部,目光紧盯前方航线。背景可见多台导航雷达屏幕微光闪烁,多名船员半身入画,低头专注操作设备,画面层次规整。船长放下望远镜,嘴角露出得意的微笑。",[],12,720P,16:9
cn300v2_94c8c744d69f5d94bd2f510d,t2v,6,"车在废弃停车场的镜头。摄影机在汽车左边的B柱上(拍摄机位),车身破烂不堪,锈迹斑斑,远处的垃圾粉碎场轰鸣。一个人打开主驾驶位的车门,掀起灰尘,角色挥挥扬尘,咳嗽两声,然后关上车门。关车门的一瞬间(伴随关门砰的一声音效)进行切镜头(直接切镜)。下一个镜头摄影机依然在汽车左边的B柱上(拍摄机位),车变得焕然一新,在赛车场上轰鸣。",[],10,720P,1:1
cn300v2_c429db912db9379b6752974a,t2v,6,"一个年轻的少年男孩身处黑暗神秘的洞穴之中,周围布满巨大的钟乳石和散发蓝色光芒的神秘水晶。男孩穿着蓝色连帽衫,缓缓伸手触摸一颗明亮耀眼的魔法水晶。就在接触的一瞬间,水晶爆发出强烈的蓝色能量,耀眼光芒瞬间照亮整个洞窟。电影级光影效果,体积光穿透黑暗,震撼镜头光晕,超写实,4K高清,极致细节,奇幻史诗氛围。男孩的身体开始发生神秘变化,蓝色能量环绕全身,衣服逐渐化为华丽的小王子服饰,变身成为一位英俊优雅的小王子。他身穿精致的皇家礼服,佩戴贵族装饰,手持一把欧式宝剑,眼神坚定勇敢。金色与蓝色能量粒子围绕身体旋转,神圣光辉照亮洞穴,展现王者觉醒的瞬间。史诗级变身场景,魔法能量爆发,动态电影镜头,慢动作效果,好莱坞奇幻大片风格,高对比度背景,宏大视觉效果,充满冒险、荣耀与童话王国般的幻想气息。",[],10,720P,9:16
cn300v2_c70a096f59c919d82d24cdf1,t2v,6,"真实的场景,真实的汽车环境,真实的细节。车在废弃停车场的镜头。摄影机在汽车左边的B柱上(拍摄机位)(运动相机贴在汽车左边的B柱上),车身破烂不堪,锈迹斑斑,远处的垃圾粉碎场轰鸣。一个人打开主驾驶位的车门,掀起灰尘,角色挥挥扬尘,咳嗽两声,然后关上车门。关车门的一瞬间(伴随关门砰的一声音效,背景音乐也随机响起)进行切镜头(直接切镜)。下一个镜头摄影机依然在汽车左边的B柱上(拍摄机位)(运动相机贴在汽车左边的B柱上),车变得焕然一新,在赛车场上极速飙车,四周因为速度快而产生运动模糊,观众席角色欢呼,摄影机紧贴汽车左边B柱,像人跟着车飞驰。",[],10,720P,1:1
cn300v2_dff3ac24c98453cebd2b8c0d,t2v,6,"一个西方小婴儿坐在沙发上不想动,想吃薯片,就对着远处自动售货机射蛛丝。 结果薯片没出来,整台自动售货机被蛛丝直接拖过马路、撞破玻璃,飞进他家。 这个人淡定按下薯片按钮。",[],9,720P,9:16
cn300v2_ee6cae57cd94967aa8324902,t2v,6,"金色墨滴从画面顶部缓缓坠落,坠入古朴青石砚台,发出""咚""的一声轻响,砚中金色墨波层层漾开,墨光流转。镜头跟随墨滴下摇至砚台,再缓缓平移,展现古色古香的案几上铺展开的竹简。孔子立于案前,身着古雅长袍,气度儒雅,手持毛笔,从容地探入砚台中蘸取金墨,笔尖与砚台摩挲发出细微沙沙声。暖色烛光映照,古典氛围,电影感画面,画面稳定流畅,细节丰富。",[],5,720P,16:9
cn300v2_299618d51ee6f5f55e45d47e,t2v,7,"电影级 3D 动画风格,梦工厂质感。夜晚下着小雨、霓虹闪烁的东方夜市街头,一场高燃的卡通动物格斗。一只身穿红色丝绸武术服的灵动小熊猫大师跃向半空,施展凌厉的旋风连环踢,脚尖拖曳着蓝色能量光轨。对面一只肌肉强壮、身穿赛博朋克机械重甲的大猩猩举起臂铠硬挡,碰撞出巨大的能量冲击波、飞溅的火花与水滴。镜头采用高速追踪斜角特写,在击中瞬间切换为极致慢动作(Bullet Time),强烈的打击感,丰富的毛发细节,高动态光影,帧率流畅。",[],5,720P,16:9
cn300v2_3dc5df70130f6866b010f216,t2v,7,"金门大桥的巨猫 : 视角位于高处(可能是高楼或直升机),俯瞰旧金山金门大桥和海岸线。 一只体型极其巨大的橘色虎斑猫从海水中浮现,它的头部比金门大桥的桥塔还要高。 巨猫张开大嘴咆哮,随后伸出巨大的前爪,轻轻拍打并破坏了金门大桥的红色塔顶,造成碎片掉落。",[],10,720P,16:9
cn300v2_637c7c7644dd64350a446052,t2v,7,"时间长河横向铺展,波光粼粼的金色光河横贯画面,河面泛着流动的星光和流光。孔子身着古装,衣袂飘飘,从画面右侧迈步踏入时间长河,赤脚行走于波光粼粼的河面之上,目光望向漫天飞舞的鎏金文字,金色文字如萤火虫般在空中飘舞环绕。大远景展现长河全景,镜头缓缓跟拍孔子缓步前行,同时做环绕运镜,人物在画面中由远及近。管弦乐高潮递进,水流潺潺。 cinematic epic style, 电影级画质,金色暖调,恢弘大气",[],5,720P,16:9
cn300v2_6a4861920a740525f4d6a2ef,t2v,7,"一个电影级特写镜头,一名厨师在滚烫多油的黑色铸铁煎锅里翻炒一个单面煎蛋。厨师突然向上猛烈抖动煎锅。整个煎蛋被抛向空中,在半空中完成了一个完整的360度翻转。蛋白是柔软且有韧性的,而黄色的蛋黄保持为一个完整、晃动的半球体。煎蛋成功地平稳落回滋滋作响的平底锅中,溅起真实微小的热油飞沫。在翻转过程中,煎蛋绝不能变成塑料圆盘或变成一只鸟。",[],8,720P,9:16
cn300v2_720ce2e870cac0487ee8f658,t2v,7,"立体卡通风格,3D渲染质感。一只拟人化的草莓姑娘,穿着可爱的衣服,抱着满怀新鲜水果(苹果、橙子、葡萄),快步跑下坡小路。突然脚下一滑,整个人向前倾,身子踉跄,双臂乱晃,差点摔倒,手中的水果哗啦啦撒了一地。她急忙站稳身形,低头望着满地滚落的果子,双手叉腰,噘嘴皱眉,气呼呼地跺脚。镜头跟随动作,中景到近景转换。音效:脚步打滑声、水果滚落碰撞的清脆声、轻响。",[],5,720P,9:16
cn300v2_7e25badb15e349512277cab9,t2v,7,"超真实写实电影画风,8K 超清分辨率,电影级自然日光。特写镜头,慢推运镜。守山人指尖摩挲杯沿,目光落在杯中的水面上,语气平缓。人物动作舒缓自然,无夸张表演。人物台词与口型完全音画同步:守山人:""有一条小鱼,游到一条老鱼身边。它说,我要找他们口中说的那个叫'海洋'的东西。"" 音效分层:人声为守山人台词,清晰为主;环境音为水流轻动声;背景音乐收弱,音量低于人声。严格遵循脚本内容,不新增任何人物、场景与剧情元素。",[],7,720P,16:9
cn300v2_f7af6c0d58ee12da60a9a8f1,t2v,7,"海边日落,镜头缓慢向前推进,海浪轻轻拍打沙滩,电影感光影,画面温暖治愈",[],5,720P,16:9
cn300v2_176a253f8bd1bbe9766bb28d,t2v,8,"浓郁的CG质感,古风CG,虚拟人物,UE4,OC渲染,烛光摇曳,场景与构图: 远景,镜头跟随,画面采取高角度俯拍视角,展现了一艘木制小船慢慢向前行驶在清澈见底的浅色水面上,没有船顶。水面呈现出梦幻的蓝绿色调,阳光在水底折射出粼粼波光,视觉效果非常通透、清新。人物造型: 船上有两位古风装束的人物。后方的人物穿着淡雅,正坐在船舱内弹奏古琴。前方的人物身着深蓝色长袍,拥有一头银白色的长发,站在船头,神情闲适。",[],10,720P,16:9
cn300v2_44c7513cbd7dc0c389e90552,t2v,8,"高速逃亡镜头,两人穿过坍塌的天宫长廊,玉柱碎裂,云雾倒卷,金色箭雨从身后射来。东方青苍拉着小兰花跃过断裂的石桥。镜头侧向疾速跟随,衣袂和长发飞扬。高质量国漫仙侠动画,快节奏动作感,震撼特效。",[],5,720P,16:9
cn300v2_4f3e9ef533d8bae23fca38d4,t2v,8,"中景近景,女子独自站在街角,暖黄自然光从侧前方打来。画面从她肩部以上的半身镜头开始,她正低头整理衣领,忽然抬头看见远处走来一个熟悉的身影(前男友)。 0-1秒:她眼睛瞬间微微睁大,瞳孔放大,上眼睑抬起,出现转瞬即逝的惊讶。 1-3秒:她立即意识到彼此已各自成家,上眼睑缓慢下垂,视线从对方脸上移开,垂向地面或对方肩膀下方,眉头微微上扬又克制地压平,眼眶微红但没有泪。 3-5秒:她深吸一口气,嘴角缓慢拉出一个礼貌而僵硬的不对称微笑(单侧嘴角抬高),脸颊肌微微上提,但眼神依然闪避,最后轻轻点头,仿佛在说“好久不见”。 环境:背景虚化,整体色调偏暖金,略带柔光。",[],5,720P,16:9
cn300v2_54bd9dce02cc0b2078cdedce,t2v,8,"动漫风格。一座古色古香的寺庙内,香烟缭绕,烛火摇曳。一名年轻女子跪在蒲团上,虔诚地对着菩萨金身磕头祈祷,双手合十。菩萨金身庄严慈悲,身后突然绽放出温暖的圣光,光芒万丈,照亮整个大殿。菩萨怀中抱着两个粉嫩可爱的小婴儿,正甜甜入睡。菩萨开口说话,声音柔和慈悲:""今天就把这俩个传给你,接住了。"" 镜头从女子背后缓缓推近,展现菩萨圣光与婴儿的温馨画面。电影质感,温暖光影,氛围神圣感人。",[],8,720P,9:16
cn300v2_70f573097773f578257e4571,t2v,8,"远景,天界云海翻涌,金色神佛虚影布满天空,巨大的法阵从云层中展开。东方青苍与小兰花从破碎玉阶上奔逃,身后万道神光追击。镜头从高空俯冲推进,制造压迫感。高质量国漫仙侠动画,唯美东方幻想,苍青色、月白色、鎏金色、紫色灵雾。画面有云海、天宫残垣、金色神光、法阵、飞散花瓣、灵力光带、破碎玉阶。电影级画质,史诗感。",[],5,720P,16:9
cn300v2_76a5803040408a20cf79f3cb,t2v,8,"一个幽默可爱的竖屏视频,拍摄于冰淇淋店展示柜。一只胖乎乎的橘猫背躺在不锈钢冰淇淋盒里睡得正香,左边是粉色草莓冰淇淋,右边是香草冰淇淋。一只戴蓝色手套的手拿着金属冰淇淋勺轻轻按压并“挖掘”猫的肚子。勺子挖起球形的猫毛团,把猫毛团装到一个华夫饼蛋筒,蛋筒里的猫毛团变成一只极小的、可爱的橘色小猫在挥动爪子。高质量,真实纹理,搞笑氛围,TikTok风格。",[],10,720P,9:16
cn300v2_b6aba01ae344a99ad6fff4e4,t2v,8,"INT.现代艺术画廊-白天-原始的白色墙壁。一位留着白胡子、穿着米色亚麻西装、戴着红围巾的老人站在左边,用拐杖指着一幅抽象画。在他的右边,一位年轻女子双手交叉站着,她梳着一头乌黑的卷发,穿着一件锋利的黑色高领毛衣,戴着眼镜。他们身后悬挂着一幅巨大而混乱的红色画布。相机缓慢地绕着它们旋转,使两者都保持在画面中。老人不赞成地摇摇头,看着画布,用普通话说:“这不是买,这是针对艺术的北京。”年轻女子调整眼镜,冷冷地、专业地直视老人,用德语回答说:“你在看过去。这代表了情感的未来。”老人转过身来面对她,用手杖敲着地板,用普通话反驳道:“我年轻女子松开双臂,向前迈了一步,声音柔和但依然坚定,她用法语说:“那是因为你忘了怎么听。”当相机完成轨道时,画廊的灯光从年轻女子的眼镜上反射出来。",[],8,720P,9:16
cn300v2_1cb347b094e7bbc77c425052,t2v,9,"栖光国风仙侠天宫场景,悬浮云海之上的宏大中式古建,白玉长廊、层叠飞檐宫殿,古风汉服古装人物,清晨柔和暖金色晨光,辽阔无边云海,大气广角镜头,缓慢平稳运镜,史诗仙侠氛围,UE5超写实渲染,电影级光影,8K高清,细腻质感,宏大东方仙境,悠远空灵的古风背景音乐,云雾缭绕的环境氛围音",[],12,720P,16:9
cn300v2_2f67349f67ae1290967fc06a,t2v,9,"Q版3D卡通,全景固定镜头,屏幕中央出现一本可爱的书本图案,合上书本,周围撒下金色的星星特效。文字显示:善良要带上锋芒。欢乐结尾曲,喜庆明快。",[],11,720P,16:9
cn300v2_55490202b786771414f56b5f,t2v,9,"Q版3D卡通,近景固定镜头,农夫面对镜头像在跟小朋友们对话,举起没有受伤的手竖起食指做讲道理的动作,表情认真可爱。叮咚划重点音效。欢乐结尾曲。",[],11,720P,16:9
cn300v2_6ecbdff8fcd76d4966c76cee,t2v,9,"运镜:缓慢拉远,轻微呼吸感晃动 日系胶片电影质感,薄雾笼罩的白色雏菊花田中,两个穿深色衣服的少女面对面站着,其中一个少女举着相机指向对方,背景是朦胧的天空与绿植,画面带有复古胶片颗粒感,整体色调偏清冷的浅蓝调,镜头缓慢拉远,捕捉花田与少女的身影,传递出文艺又疏离的氛围。",[],10,720P,9:16
cn300v2_8ff46d2e551621eab8100a67,t2v,9,"Q版3D卡通,中景摇镜头,农夫赶紧拉开衣服,小蛇从他怀里跳出来落在雪地上,得意地扭了扭身体,迅速滑向草丛,回头做了个鬼脸。夸张卡通动作。嗖的滑行声,小蛇得意的嘶嘶笑声。",[],11,720P,16:9
cn300v2_a34407c7d72f090f9f678972,t2v,9,第一个镜头:一个女生轻松的刷着手机 第二个镜头:推镜头 转向手机里的画面 是tiktok爆款的带货视频 并且画面定格3s,[],6,720P,9:16
cn300v2_e8dfefef953de3b4e2afd8a8,t2v,9,"超真实写实电影画风,8K 超清分辨率,电影级自然日光。空镜,缓摇运镜。中国传统庭院中一方小池,池水清澈见底,几尾锦鲤悠然摆尾游过,水面荡开细碎金色波纹。阳光透过树影洒在水面,波光粼粼。无人物表演,仅环境空镜。环境音:池水波动、细微水声。背景音乐:轻柔古风,音量低于人声。",[],6,720P,16:9
cn300v2_2252b7aba1f20c6f378218d8,t2v,10,"Q版3D卡通,中景镜头,农夫解开红色棉袄的扣子,小心翼翼地把小蛇放进自己温暖的怀里,然后拍了拍胸口,露出放心的微笑,继续迈着短腿往家走。2头身比例,动作夸张可爱。温馨配乐,解扣子唰唰声。",[],11,720P,16:9
cn300v2_2cb69c4fb321bb1b5e3a218f,t2v,10,"暗绿色主色调,高对比硬阴影,地下停车场,闪烁的冷白荧光灯,手持摄影 35mm 镜头,中近景跟拍。一名男子快速穿梭在车辆之间,脚步急促略有踉跄。音效:粗重呼吸贴近麦克风,脚步声强回响,男子低声自语断续压抑。1080p,16:9,带音频",[],5,720P,16:9
cn300v2_7ad19b50d44ffed39e5af597,t2v,10,"就像新海诚动画电影里的唯美场景:放学后的教室里空无一人,夕阳的金色暖光斜斜地照进窗户。画面中景处,一位穿着校服的少女安静地坐在自己的座位上。而画面最显眼的视觉焦点,是课桌上放着的一封鲜红色信封,上面用黑笔手写着“给未来的你”,夕阳的光束刚好精准地打在这封信上。",[],8,720P,9:16
cn300v2_9a62bef9b5325f89c906ea52,t2v,10,"开篇承接,璀璨金色楼宇,建筑轮廓逐渐消融、收拢,凝聚成一颗通透闪耀的金色墨滴,墨滴缓缓下坠。慢镜头,由全景缓缓推近聚焦墨滴。恢弘国风管弦乐起,低沉鼓点,墨滴滴落的水声。",[],5,720P,16:9
cn300v2_aea7774129f6c45b8f697475,t2v,10,"Q版3D卡通,特写镜头,小蛇的眼睛突然睁开,露出狡猾的半月形眼神,吐出红色的信子,露出两颗尖尖的小毒牙,表情凶狠。夸张的卡通反派表情。危险警报音效,嘶嘶声。",[],11,720P,16:9
cn300v2_cf507d109276e33877c6bc85,t2v,10,"Q版3D卡通,特写镜头俯视雪地,一条冻僵的小蛇躺在雪中,身上结着淡蓝色的冰晶,闭着眼睛,看起来可怜又无害。小蛇是淡蓝色,小小的。色彩梦幻柔和。寒风吹过的嗖嗖声,童话配乐。",[],10,720P,16:9
cn300v2_dc6ff4d1d8ea0be6f6db9010,t2v,10,"Q版3D卡通,近景镜头,农夫蹲下身子,双手轻轻捧起小蛇,眉头微皱,满脸心疼的表情。小蛇在他圆圆的大手里显得很小。2头身比例,表情夸张温暖。温馨柔和的配乐。",[],10,720P,16:9
cn300v2_1b4f5f8fcf6cb656cb9fe9af,t2v,11,"手机前置摄像头拍摄,中近景双人并排同框,全程自然手持微晃质感,此时只剩呼吸式微晃。两人退到阳台门口稳住,弟弟黑脸上又沾了点洗衣粉白印,头发被揉得乱蓬蓬,嘴瘪得快哭了。搭档肩膀抖得厉害,憋笑到镜头发颤。弟弟带着哭腔崩溃:家人们...男女混合双打...我太惨了...背景妈妈甩洗衣盆。现场音效:弟弟抽鼻子的声音,搭档憋笑的气音,背景妈妈甩洗衣盆的哐当声。全程无背景音乐,仅保留现场环境音效和人声。",[],4,720P,16:9
cn300v2_3167bfd5b4a8f8d6acd234e2,t2v,11,"一个男人在IPF力量举比赛现场进行1000kg卧推,周围很多人为他欢呼",[],4,720P,9:16
cn300v2_3793152c08e98f232a9813e3,t2v,11,画面风格: 冷金 黑灰白 深夜感 都市孤独感 高级空心感 慢镜头 留白 Dior / Chanel极简电影感 呼吸感 画面:城市人群快速经过 画幅:9:16,[],5,720P,9:16
cn300v2_3942dea41e0d8f33325bffde,t2v,11,"""职业拳击擂台赛,两名顶级拳手对抗:一方迅猛打出刺拳接直拳组合,另一方灵活闪避并以左勾拳反击;脚步移动敏捷,头部防守晃动精准;汗水在聚光灯下闪烁,身着专业拳击短裤与红蓝配色拳套;肌肉发力真实,击打反馈自然;多机位拍摄包含低角度与越肩视角;电影级体育纪录片风格;4K慢动作特写清晰呈现拳峰命中瞬间;还原WBC世界拳王赛级别氛围""",[],10,720P,9:16
cn300v2_48556d38388d96182fc6a2d1,t2v,11,"近景,两人受伤踉跄。小兰花扶住东方青苍的手臂,东方青苍强撑着挡在她前面。背景中神佛光影越来越近,金色锁链穿破云层。镜头低角度跟拍,步伐急促,画面轻微晃动。高质量国漫仙侠动画,凄美感,破碎感,精致角色细节。",[],5,720P,16:9
cn300v2_7a802ae8cdc7a9ab50a52c70,t2v,11,"最终镜头,两人互相搀扶,冲入一片紫蓝色灵雾裂隙。身后神佛法阵轰然破碎,金光与苍青色火焰交织。镜头跟随他们背影向前推进,最后停在两人紧握的手上,气氛悲壮、浪漫、宿命感强。高质量国漫仙侠动画,结局感。",[],5,720P,16:9
cn300v2_8d1e1f9ddfe50228add37f0e,t2v,11,"大场面,满天神佛同时降下金色审判光柱。东方青苍抱住小兰花,展开苍青色护盾,护盾边缘开裂但仍然抵挡。小兰花释放柔和兰花灵力修补护盾。镜头从正面慢慢拉远,展示两人在巨大天罚下的渺小与坚定。高质量国漫仙侠动画,华丽特效,史诗震撼。",[],5,720P,16:9
cn300v2_2d29202d81f63d6b8f885108,t2v,13,"8K 超写实视频,电影光影,深红色背景。金发寸头男性正面静立,神情冷峻,身穿黑色半透背心与解构拼接长裤。海量白鸽从四面八方不规则散落停落,密集全覆盖人物身躯,停留不飞走。鸽群缓缓隐去,隐去过程同步完成变装,无缝化作白色宽肩西装、毛边阔腿西裤,裤脚带羽毛装饰。人物姿态全程不变,过渡自然,材质细节逼真,奇幻变装效果。",[],5,720P,9:16
cn300v2_3aad9d51016103ed26766f2a,t2v,13,"未来城市穿越,镜头从摩天高楼之间高速滑行向前,穿过半透明的玻璃天桥,掠过空中悬浮的全息广告牌和霓虹灯箱,穿越繁忙的未来街区。画面强调科技感、城市纵深、灯光拖尾轨迹和高速移动的视觉冲击。赛博朋克风格,蓝色与紫色霓虹色调,建筑表面有发光线条,车流如光带流动,相机快速推进,动态模糊,画面充满张力与速度感。",[],5,720P,16:9
cn300v2_6ac9a1e418ba58994887c0a2,t2v,13,竖屏9:16 视频风格: 冷金 黑灰白 深夜感 空心感 高级疲惫感 电影感 留白 Dior / Chanel极简美学 呼吸感 画面:阳光照进房间,[],6,720P,9:16
cn300v2_9a9b254e652207aed0b1e6b9,t2v,13,"【剧情】 【0 s - 5 s】叶秋-基础形象 目光扫过周围漠然的同事,表情紧绷,眼神中透出震惊与恐惧。镜头缓缓下移,落在 叶秋-基础形象 紧握照片的拳头上,指节处的白色更加明显 Visual style: 中文提示词: 悬疑惊悚电影剧照,大卫·芬奇风格,暗绿与冷灰调色,精密微距构图,隐蔽的光源,紧张窒息感,窥视视角,雨水与阴影,高细节解构,电影级戏剧冲突。",[],5,720P,16:9
cn300v2_9e12c7383526506f850c9629,t2v,13,"电影级镜头,两名穿着高中校服的亚洲青年在夜晚面对面站着,背景是迪士尼乐园,蓝白色的LED彩灯照亮了金属过山车轨道和城堡结构,暗沉的乌云夜空,前景有金属围栏,高对比度,氛围感十足,怀旧青春爱情,电影截图风格,8k,写实,充满情感的对话场景,比例16:9",[],4,720P,16:9
cn300v2_e11fa39fcdf3258322ad51fa,t2v,13,"在写实电影级别的魔幻森林深处,阳光穿透头顶的树冠,犹如神圣的光束(丁达尔效应)洒下来。画面中央站着一只不可思议的鹿——它的身体完全是由晶莹剔透的水构成的。这只透明的鹿与周围实体的森林形成了强烈的虚实对比。阳光穿透它水做的身体时,在地上打出了真实的焦散光斑和彩虹般的折射。",[],8,720P,9:16
cn300v2_e995e904f690e4656f780349,t2v,13,"这是一个写实电影质感的冰雕工作室,打着冷白色的顶灯。地面上散落着碎冰,旁边的工具台上放着电锯等工具。画面正中央是一块高达50厘米、晶莹剔透的完整大冰块,光线穿透冰块,你甚至能看清里面逼真的细小气泡。在冰块右侧,站着一位系着蓝色工作围裙的男冰雕师。他手里紧紧握着一把凿子,正准备落下第一锤。",[],8,720P,9:16
cn300v2_45cc8c6581fcd6b7cd9f4bb8,t2v,15,"Q版3D卡通,农夫在雪地中停下脚步,头顶弹出一个大大的黄色问号符号。他低头看向雪地,眼睛睁得圆圆的,表情好奇。雪地里有东西。2头身比例,漫画符号特效。色彩明快梦幻。童话风格配乐,叮一声的问号音效。",[],10,720P,16:9
cn300v2_8dff2ef98cb4f764a43e4590,t2v,15,"雨夜咖啡馆内景,窗外霓虹灯光被雨水拉成长长的彩色光痕,在玻璃上缓缓流淌。室内温暖昏黄的灯光,一位年轻男生坐在窗边,低头翻看手中的旧信,神情安静而若有所思。镜头缓缓推进,焦点落在玻璃上的雨滴和咖啡杯上升起的热气。背景有轻柔的爵士钢琴和雨声氛围。整体氛围安静、怀旧、温暖。",[],5,720P,16:9
cn300v2_931643dae1211c1656fdf428,t2v,15,"清晨的上海外滩,薄雾还没散,镜头从江面水平推进,经过正在晨练的中美老人,最终落在路边一杯冒着热气的咖啡上,全程有明显纵深感,光线从柔和过渡到逆光。1080p,16:9,有环境音",[],10,720P,16:9
cn300v2_be7fd66838ca1baa43abd60d,t2v,15,"一个人头样的面包,从面包机里弹出来,音效要有面包机叮的声音以及面包冲出面包机以及颗粒散落的声音,无音乐",[],6,720P,9:16
cn300v2_e96fa6e01790897e7a1ce407,t2v,15,"家里长辈有高血压,三餐乱吃,血压忽高忽低?饮食做好这几点,平稳血压很省心。 台词配音:家里长辈有高血压,三餐乱吃,血压忽高忽低?饮食做好这几点,平稳血压很省心。 背景音乐:轻柔舒缓居家纯音乐全程低音量 ,国风动画风格",[],10,720P,16:9
cn300v2_f2cde177cd7ceab3c8b2f65d,t2v,15,"9:16,一只美国女人手在雪地里扒开积雪,露出半埋的食物罐头。手指冻得发紫,指甲开裂。 (音效:金属刮擦声) 5s",[],5,720P,9:16
cn300v2_52b982b2ce074a2bcbcafbd1,t2v,16,"超真实写实电影画风,8K 超清分辨率,电影级自然日光。近景镜头,固定运镜。主角听完一脸茫然,皱着眉挠头,完全没听懂深意,只当是闲谈。人物动作自然,无夸张表演。人物台词与口型完全音画同步:主角:""啊...... 故事挺好的,但我还是想找寻宝地图。您直接告诉我走哪条路能找到文脉传承就行。"" 音效分层:人声为主角台词,清晰为主;无额外环境音;背景音乐轻微。",[],5,720P,16:9
cn300v2_56df3d7aa1eaee5cefe39866,t2v,16,"农村院子背景,阳光洒在青砖和土地上,一位35岁左右的农村妇女,面容朴实自然,手中握着一把新鲜草药,面带微笑,动作自然流畅地展示手中的草药。她对着镜头说话,口型同步台词内容,表情亲切、真诚。镜头稳定,电影质感,柔和的自然光,色彩温暖,景深自然,人物动作流畅,口型自然。背景隐约可见农家院墙和蔬菜。",[],10,720P,9:16
cn300v2_5c59fe353d36392a869fb45b,t2v,16,"超真实写实电影画风,8K超清分辨率,电影级自然日光。近景镜头,固定机位,无摄像机运动。守山人坐在石桌旁,看着对面的主角,见对方急不可耐,守山人露出一个温和的浅笑,缓缓抬手,示意主角坐下。守山人动作平和自然,无夸张表演。守山人开口说话,口型与台词同步:""别急着找答案。我先给你讲个故事。"" 音效:陶杯放回石桌的轻响;环境音为树林微风;背景音乐为低沉舒缓的东方古风氛围乐,音量低于人声。人物对话为模型生成音频,音画同步。时长4秒。",[],4,720P,16:9
cn300v2_6a4e8d3b81e8e3a167885488,t2v,16,"超真实写实电影画风,8K 超清分辨率,电影级室内柔和光影。中景镜头,固定运镜。茶室角落,主角尴尬笑了笑,立刻旁敲侧击,视线扫过茶室角落寻找""线索""。人物动作自然,无夸张表演。人物台词与口型完全音画同步:主角:""哦哦失礼了。那茶师,你知道寻宝图藏在哪吗?就是找文脉传承的那个。"" 音效分层:人声为主角台词,清晰为主;无额外环境音;背景音乐轻缓,音量低于人声。严格遵循脚本内容,不新增任何人物、场景与剧情元素。",[],6,720P,16:9
cn300v2_811d980ea5bbeac0b1bdf3ca,t2v,16,"超真实写实电影画风,8K 超清分辨率,电影级暖调光影。近景镜头,固定运镜。童年主角仰起脸,眼睛亮晶晶的,伸手想去碰盒里的白贝壳,满脸急切与好奇。人物动作天真自然,无夸张表演。人物台词与口型完全音画同步:童年主角:""传承?那是宝藏吗?有没有寻宝地图呀?我去找!"" 音效分层:人声为童年主角台词,清晰为主;无环境音;无背景音乐。",[],5,720P,16:9
cn300v2_b2c6572250799cebce75c064,t2v,16,"超真实写实电影画风,8K 超清分辨率,电影级室内柔和光影。近景镜头,固定运镜。主角凑上前,上下打量苏晚,带着试探开口:""你好,请问你也是来找文脉宝藏的吗?"" 苏晚手上动作顿了半秒,抬眼看向主角,眼神平静无波:""我是这里的茶师。"" 人物动作自然,无夸张表演。人物台词与口型完全音画同步。音效分层:人声为两人对话,清晰为主;环境音为茶杯轻碰声;背景音乐轻缓,音量低于人声。严格遵循脚本内容,不新增任何人物、场景与剧情元素。",[],4,720P,16:9
cn300v2_e711ba1285cc681c52ca2e1c,t2v,16,"超真实写实电影画风,8K 超清分辨率,电影级暖调光影。近景镜头,慢推运镜。奶奶笑着揉了揉小孩的头发,眼神温和悠远,没有直接回答。窗外风刮进来,吹得《清静经》残纸飘起,慢慢挡住镜头。人物动作温柔自然,无夸张表演。人物台词与口型完全音画同步:奶奶:""傻孩子,文脉哪是找出来的。等你长大了,自己去书院走一趟,就懂了。"" 音效分层:人声为奶奶台词,清晰为主;环境音为风声、纸张翻飞的哗啦声;无背景音乐。",[],7,720P,16:9
cn300v2_ff5049fa81fa8313f9513763,t2v,16,"超真实写实电影画风,8K 超清分辨率,电影级自然日光。过肩镜头(主角视角),固定运镜。主角走到守山人身后试探开口,守山人缓缓转过身,神态平和,眼神通透。人物动作舒缓自然,无夸张表演。人物台词与口型完全音画同步:主角:""老先生,请问崂山书院的寻宝地图在哪?就是找文脉传承的那条路线。"" 音效分层:人声为主角台词,清晰为主;环境音轻微(山林风声、鸟鸣);背景音乐收弱,音量低于人声。时长5秒。",[],5,720P,16:9
cn300v2_1a76c8868300f0637c96b6fd,t2v,17,"一个连续的电影级跟随长镜头,紧紧跟在一个穿着厚重棕色皮革风衣的高个子男人身后。他自信地走过一个拥挤、昏暗的地下赛博朋克酒吧,酒吧里闪烁着霓虹粉色和蓝色的招牌。他推开一扇厚重、不透明的金属双开门,走到外面。摄像机无缝地跟随他走入一个极其明亮、安静、白雪皑皑的白天森林中。男人继续走进雪地。摄像机平滑地适应了光线的急剧变化。男人的风衣和身高保持完美的一致,他身后的门绝不能变形成树木。",[],8,720P,9:16
cn300v2_df0209e2a847263679b45b49,t2v,17,"江南水乡城镇,战后街道,士兵安抚百姓,刘裕立于石桥远眺城池,烟雨朦胧江南古建筑,缓慢环绕运镜,8K超清,电影级光影,南北朝时期写实古风,正史复原服饰建筑,细腻布料纹理,史诗氛围感,运镜流畅,人物五官端正无畸形,无扭曲手部,人体结构完整,景深构图,柔和胶片质感,16:9横屏,动态运镜,史诗历史短片画质,中年刘裕面容方正,短须,南北朝汉人长相,人物形象全程统一",[],10,720P,16:9
cn300v2_42134a052fc5b3360e470bdb,t2v,18,"【剧情】 【0 s - 5 s】全景,仰拍机位。画面采用柔和的月光与灯笼暖光,呈现璀璨辉煌的夜景色调,具有高精度国风3D渲染质感,使用广角焦段。镜头从清名桥面仰拍,随后快速向上拉升,桥身逐渐缩小,两岸白墙黛瓦绵延,红灯笼串成线。镜头持续拉升至高空,清名桥如弯月卧于运河,两岸红灯笼连成金色星河。落幅为高空俯瞰全景。 【5 s - 10 s】承接上一镜高空俯瞰全景,镜头固定。旁白响起:“运河水,从未停。一盏灯,照古今。”画面持续静止,清名桥与红灯笼星河在夜色中定格,余音缭绕。 视频全程不要字幕、不要屏幕文字;必须保留协调统一的全局BGM和必要环境音,禁止静音段。 Visual style: 中文: 中国传统皮影戏艺术风格,精致的镂空剪纸质感,黑色轮廓为主,夸张的角色造型与动作侧写,柔和的背后透光效果,充满仪式感的民俗艺术韵味。",[],10,720P,16:9
cn300v2_5b7230f85d3f54a36c5d7863,t2v,18,"场景为中国医院普通病房,时间是星期三上午。画面风格:真实自然、生活化、轻微幽默,人物表演克制,不要夸张。医生穿白大褂,带着病历本查房;患者穿病号服,坐在病床上。病房干净明亮,有正常的医疗设备和床头柜。镜头设计:第一个镜头:医生走到患者床边查看病历,采用中景。医生平静地对患者说:“今天星期三,您恢复得不错,后天可以出院了。”第二个镜头:切换到患者近景。患者先愣一下,随后有些着急、非常认真地回答:“不行,医生,后天不行,我要周五下午两点出院,车都来接我了。”第三个镜头:切回医生。医生短暂沉默,略显无奈地看着患者,病房气氛轻松幽默。要求:1. 全程使用普通话。2. 人物口型与台词准确同步。3. 对话清晰自然,不添加其他台词。4. 添加简体中文字幕,字幕内容与台词完全一致。5. 不要背景音乐,可保留轻微的病房环境声。6. 不出现医院名称、品牌标志或无关人物。7. 画面比例为9:16,适合短视频平台。8. 人物形象和病房场景在不同镜头中保持一致。",[],10,720P,9:16
cn300v2_81eaa248f82e75405fc7804f,t2v,18,"动漫风格,一座古老寺庙内,一位年轻女人跪在蒲团上,虔诚地向面前的菩萨磕头祈祷。菩萨像庄严慈祥,身后冒出金色圣光,光芒四射,菩萨怀中抱着两个胖乎乎的小婴儿。菩萨开口说话,画面配合字幕感的节奏。镜头缓缓推进,气氛神圣温暖。",[],10,720P,9:16
cn300v2_a355c019bb3ea13ea1187b82,t2v,18,"10 秒 16:9 横屏古装短剧,静态固定单镜头,全程无推拉摇移、无转场切镜,古风书房烛火柔光,古风电影质感,画面布局全程固定不变。剧情:女子手握密信打算烧毁,王爷上前按住她的手,二人拉扯信纸对峙。全程人物标准中文古风配音对白,同步字幕:女子眼神悲痛开口 “密信留存,全家都会引来杀身之祸”,王爷神色凝重沉声回应 “有我镇守,定能护你阖家平安”。桌上古籍、烛台摆件静止不动,仅人物动作神态变化,低沉古风纯音乐,全部台词人声为标准普通话中文,无外族语言、无方言,单一镜头从头到尾不切换。",[],10,720P,16:9
cn300v2_b020e876b7a5715aec0fa06c,t2v,18,"【剧情】 【0 s - 4 s】黑场+字幕 标题出现:《六号监控》 纯黑画面。 中央字幕: 六号监控 低沉氛围音起。 老周VO: “事情,发生在一栋叫安宁公寓的老楼里。” 标题停留约2秒后淡出。 Visual style: 中文提示词: 恐怖电影剧照,整个画面的色彩极度克制,以深青色、暗蓝色和灰绿色为主,营造出一种阴冷、死寂的基调。整体曝光较低,高光部分被压得很暗,暗部则深不见底,具有很高的对比度,采用了好莱坞恐怖惊悚片常用的数码调色滤镜,刻意抽离了大部分饱和度,使画面呈现出一种高级却令人窒息的金属质感与颗粒感。散发着浓厚的超自然恐怖氛围,令人窒息的压抑感,惊悚悬疑氛围。",[],4,720P,16:9
cn300v2_b8cd3bd893d1847727d1f39d,t2v,18,"## 全局参数(每段都用) ``` 比例:9:16(竖屏,适配小红书) 时长:3-5 秒 画质:最高 运动幅度:中 ``` --- ## 第 1 帧 · 混沌初开 ### Seedance 2.0 提示词 > 一位身着汉代曲裾深衣的女子,在深黑色背景中缓缓蜷缩身体,双臂环抱如胚胎,袖口垂落。画面幽暗,只有一束微弱的金色光从上方洒下。慢动作,袍袖轻微浮动。中国古代舞蹈,电影级光影,8K。 ### 字幕文案 > 「天地混沌如鸡子,盘古生其中。」 > ——《三五历纪》",[],5,720P,9:16
cn300v2_0a0dae0400aaad55d1afd6b7,i2v,1,"长焦纵深推镜,镜头顺着云海石阶匀速向前推进,层层递进的天宫古建隐匿在流动云海之中,云海缓慢起伏翻涌,天边晨昏渐变霞光漫射云层,渺小红衣人影缓步向前,建筑檐角柔光缓缓晕开,层层天宫带来极强纵深感,静谧恢弘,仙气漫溢整片云海","[{""type"":""image"",""index"":0,""url"":""https://cos-aigc-default.agnes-ai.com/pixa/ugc_image/ea684aa4-6fa8-42a5-b38b-61d6353feaec/1785065998_c8dc42a1.png"",""path"":""/kwkj-k8s/SQL/data/用户输入/有水印/图片/339735201269915648_0.png"",""request_url"":""https://cos-aigc-default.agnes-ai.com/pixa/ugc_image/ea684aa4-6fa8-42a5-b38b-61d6353feaec/1785065998_c8dc42a1.png"",""manifest_entry"":true,""role"":""first_frame"",""exists"":true,""kind"":""image""}]",5,720P,9:16
cn300v2_11aca1ee4797a5744b7e349e,i2v,1,"丢出金牛座魔法球落地(魔法球里出现金牛座的标志),变身金牛座战士,战士铠甲(铠甲金搭配白色,头部不需要铠甲)从脚华丽变身到身体(保持原图人物不变,周身飘过落叶),身后出现大金牛,人物说只要你不离不弃,我便会为你守候一辈子","[{""type"":""image"",""index"":0,""url"":""https://cos-aigc-default.agnes-ai.com/pixa/chat_attachment/fc1ba287-2f68-4723-8157-fa1cd46f7b6d/1778187867_6c3ae59c.jpg"",""path"":""/kwkj-k8s/SQL/data/用户输入/有水印/图片/310885426856517632_0.jpg"",""request_url"":""https://cos-aigc-default.agnes-ai.com/pixa/chat_attachment/fc1ba287-2f68-4723-8157-fa1cd46f7b6d/1778187867_6c3ae59c.jpg"",""manifest_entry"":true,""role"":""first_frame"",""exists"":true,""kind"":""image""}]",10,720P,9:16
cn300v2_59a6082e950f56ac9c5940b7,i2v,1,"丢出水瓶座魔法球落地(魔法球里出现水瓶座的标志),变身水瓶座女战士,战士铠甲(铠甲浅蓝搭配白色,头部不需要铠甲)水喷上全身从脚华丽变身到身体(保持原图人物不变),身后出现大水瓶座,人物说了我热爱自由,但这自由里,依然有对你的期待","[{""type"":""image"",""index"":0,""url"":""https://cos-aigc-default.agnes-ai.com/pixa/chat_attachment/39f849c9-a202-493d-8abd-5943316e5b8e/1778245498_5744398b.png"",""path"":""/kwkj-k8s/SQL/data/用户输入/有水印/图片/311127851772497920_0.png"",""request_url"":""https://cos-aigc-default.agnes-ai.com/pixa/chat_attachment/39f849c9-a202-493d-8abd-5943316e5b8e/1778245498_5744398b.png"",""manifest_entry"":true,""role"":""first_frame"",""exists"":true,""kind"":""image""}]",10,720P,9:16
cn300v2_887aa6b2af3c4ea2f0d588d0,i2v,1,"一镜到底,镜头缓慢向后拉远,云海层层翻涌流动,山间云雾缓缓飘散,古松枝叶随风轻轻摇曳,四位蓝衣古装人物静静伫立,衣袍随风微动,悬空古殿静静悬浮云海之上,黄昏暖金色柔光,天地辽阔苍茫,孤寂大气,电影级氛围感,动态自然流畅。","[{""type"":""image"",""index"":0,""url"":""https://cos-aigc-default.agnes-ai.space/pixa/ugc_image/ea684aa4-6fa8-42a5-b38b-61d6353feaec/1786168500_bf648f16.png"",""path"":""/kwkj-k8s/SQL/data/用户输入/有水印/图片/344358597920247808_0.png"",""request_url"":""https://cos-aigc-default.agnes-ai.space/pixa/ugc_image/ea684aa4-6fa8-42a5-b38b-61d6353feaec/1786168500_bf648f16.png"",""manifest_entry"":true,""role"":""first_frame"",""exists"":true,""kind"":""image""}]",5,720P,16:9
cn300v2_d7b35acba9f0d6065c6600e4,i2v,1,"丢出魔法球落地,变身处女座男战士,战士银金色铠甲(头部不需要铠甲,腹肌不需要铠甲),(保持原图人物,周身飘过星光),身后出现大处女座天使女神(祷告的样子),人物说不是我爱挑剔,只是在这个粗糙的世界里,我想活得更精致一点","[{""type"":""image"",""index"":0,""url"":""https://cos-aigc-default.agnes-ai.com/pixa/chat_attachment/86329152-5cf3-4474-9601-4e04c68ee352/1778392875_53b3dcbb.png"",""path"":""/kwkj-k8s/SQL/data/用户输入/有水印/图片/311745141425614848_0.png"",""request_url"":""https://cos-aigc-default.agnes-ai.com/pixa/chat_attachment/86329152-5cf3-4474-9601-4e04c68ee352/1778392875_53b3dcbb.png"",""manifest_entry"":true,""role"":""first_frame"",""exists"":true,""kind"":""image""}]",10,720P,9:16
cn300v2_2cb33bde275eec856a3c49cc,i2v,2,"她先神情优雅平静,随后惊讶睁大眼、嘴张成""O""形,转头侧颜欢呼,绽放灿烂大笑,害羞低头,最后抬手托腮轻触脸颊、侧颜娇羞浅笑。背景观众虚化、有人挥臂庆祝,明亮球场灯光,浅景深,照片级AI美颜质感,超高细节,4K。","[{""type"":""image"",""index"":0,""url"":""https://cos-aigc-default.agnes-ai.space/pixa/ugc_image/bd321beb-4463-4f1b-a1bf-529dc789cdf4/1786952036_50b80fe7.png"",""path"":""/kwkj-k8s/SQL/data/用户输入/有水印/图片/347646748931575808_0.png"",""request_url"":""https://cos-aigc-default.agnes-ai.space/pixa/ugc_image/bd321beb-4463-4f1b-a1bf-529dc789cdf4/1786952036_50b80fe7.png"",""manifest_entry"":true,""role"":""first_frame"",""exists"":true,""kind"":""image""}]",7,720P,9:16
cn300v2_58bd5e329761974f1450cfe5,i2v,2,"一镜到底,镜头缓慢向后拉远,漫天云朵缓慢流动,水面泛起细碎波纹,建筑倒影随水波轻轻晃动,两位古装女子静立石台上,衣摆随风轻轻拂动,鎏金天宫建筑光影缓缓变化,远景浮空仙阁若隐若现,氛围盛大辽阔,带着清冷孤独感,高级电影光影,画面顺滑","[{""type"":""image"",""index"":0,""url"":""https://cos-aigc-default.agnes-ai.space/pixa/ugc_image/ea684aa4-6fa8-42a5-b38b-61d6353feaec/1786168475_355d8225.png"",""path"":""/kwkj-k8s/SQL/data/用户输入/有水印/图片/344358618518863872_0.png"",""request_url"":""https://cos-aigc-default.agnes-ai.space/pixa/ugc_image/ea684aa4-6fa8-42a5-b38b-61d6353feaec/1786168475_355d8225.png"",""manifest_entry"":true,""role"":""first_frame"",""exists"":true,""kind"":""image""}]",5,720P,16:9
cn300v2_6080ea55bb420fe4cab4aeb5,i2v,2,"宏大航拍视角,镜头缓慢环绕向前推进,巨型多重浮空天宫建筑群,层层叠叠瀑布流水倾泻飞溅水雾,多位古装仙女分布各处,衣袖长纱迎风飞舞,万顷云海大面积翻涌,云雾穿梭于亭台楼阁之间,金光晨昏光影,场面磅礴震撼,万物动态流畅","[{""type"":""image"",""index"":0,""url"":""https://cos-aigc-default.agnes-ai.space/pixa/ugc_image/ea684aa4-6fa8-42a5-b38b-61d6353feaec/1786020730_d0e3e4c9.png"",""path"":""/kwkj-k8s/SQL/data/用户输入/有水印/图片/343739079908728832_0.png"",""request_url"":""https://cos-aigc-default.agnes-ai.space/pixa/ugc_image/ea684aa4-6fa8-42a5-b38b-61d6353feaec/1786020730_d0e3e4c9.png"",""manifest_entry"":true,""role"":""first_frame"",""exists"":true,""kind"":""image""}]",5,720P,9:16
cn300v2_d6f2277cdef192aeac873dda,i2v,2,"微风轻轻吹动窗边翠竹的枝叶,白色纱帘缓慢飘拂,桌面青瓷茶盏升起袅袅热气缓缓向上飘散,镜头以极慢速度向前推进,午后阳光角度轻微移动,竹影在墙面缓缓偏移,整体光影柔和暖调,国风淡水彩质感,画面静谧治愈,无文字","[{""type"":""image"",""index"":0,""url"":""https://cos-aigc-default.agnes-ai.com/pixa/ugc_image/06c42547-c4a5-4b25-9ebf-6a98b3e37526/1784533353_b5d1bf8f.png"",""path"":""/kwkj-k8s/SQL/data/用户输入/有水印/图片/337500753115693056_0.png"",""request_url"":""https://cos-aigc-default.agnes-ai.com/pixa/ugc_image/06c42547-c4a5-4b25-9ebf-6a98b3e37526/1784533353_b5d1bf8f.png"",""manifest_entry"":true,""role"":""first_frame"",""exists"":true,""kind"":""image""}]",10,720P,9:16
cn300v2_eb21f790327cfc1242e5069c,i2v,2,"镜头跟随人物缓慢向前推进,流光锦鲤成群穿梭画面,从镜头前游过,三位古风仙女行走在浮空仙桥,长发与轻薄裙袂随风飞扬,锦鲤游动拖曳细碎金色光粒,两侧悬浮古风楼阁,脚下万顷云海不断翻涌,氛围感梦幻灵动,全部元素动态,电影质感","[{""type"":""image"",""index"":0,""url"":""https://cos-aigc-default.agnes-ai.space/pixa/ugc_image/ea684aa4-6fa8-42a5-b38b-61d6353feaec/1786020603_b5dd2268.png"",""path"":""/kwkj-k8s/SQL/data/用户输入/有水印/图片/343739319932022784_0.png"",""request_url"":""https://cos-aigc-default.agnes-ai.space/pixa/ugc_image/ea684aa4-6fa8-42a5-b38b-61d6353feaec/1786020603_b5dd2268.png"",""manifest_entry"":true,""role"":""first_frame"",""exists"":true,""kind"":""image""}]",5,720P,9:16
cn300v2_1229905bca1c1d7dfac1084a,i2v,3,"缓慢环绕平移镜头一镜到底,哈尔苏菲半身伫立澄澈透亮的海面中,海水层层轻轻荡漾泛起粼粼波光,人物发丝随风肆意飞舞,水面倒映星空光斑不断流动闪烁,右上角漫天星芒光点缓缓下坠流淌,海面折射七彩星光碎钻,水体通透可见水下礁石,动态水流波纹自然舒展,宫崎骏治愈海滨氛围,梦幻星光特效拉满,静谧又震撼","[{""type"":""image"",""index"":0,""url"":""https://cos-aigc-default.agnes-ai.com/pixa/ugc_image/ea684aa4-6fa8-42a5-b38b-61d6353feaec/1785157633_71ab59da.jpg"",""path"":""/kwkj-k8s/SQL/data/用户输入/有水印/图片/340118916168916992_0.jpg"",""request_url"":""https://cos-aigc-default.agnes-ai.com/pixa/ugc_image/ea684aa4-6fa8-42a5-b38b-61d6353feaec/1785157633_71ab59da.jpg"",""manifest_entry"":true,""role"":""first_frame"",""exists"":true,""kind"":""image""}]",6,720P,9:16
cn300v2_1b814fd0e685e67242d22605,i2v,3,"镜头缓慢缓慢上抬一镜到底,苏菲跪坐在静谧湖水边,双手捧着蓝色发光晶石,漫天七彩流星光束持续缓缓坠落湖面,湖面水波荡漾、倒影星光不断晃动闪烁,少女发丝被夜风轻柔拂动,湖面浮现朦胧光影灵体,蓝金星光铺满整片夜空,流光粒子缓缓漂浮流动,静谧空灵治愈,璀璨星空画面极具视觉冲击","[{""type"":""image"",""index"":0,""url"":""https://cos-aigc-default.agnes-ai.com/pixa/ugc_image/ea684aa4-6fa8-42a5-b38b-61d6353feaec/1785157087_03f483f3.jpg"",""path"":""/kwkj-k8s/SQL/data/用户输入/有水印/图片/340116520151613440_0.jpg"",""request_url"":""https://cos-aigc-default.agnes-ai.com/pixa/ugc_image/ea684aa4-6fa8-42a5-b38b-61d6353feaec/1785157087_03f483f3.jpg"",""manifest_entry"":true,""role"":""first_frame"",""exists"":true,""kind"":""image""}]",5,720P,9:16
cn300v2_44df20469531777c3edda8b2,i2v,3,"白色纱帘随微风轻轻晃动,热茶杯口热气缓慢上升飘散,冰饮表面凝光有极细微变化,竹影在桌面缓缓移动,镜头极慢向后小幅拉远,暖光柔和过渡,保留浅青绿水彩画风,画面稳定","[{""type"":""image"",""index"":0,""url"":""https://cos-aigc-default.agnes-ai.com/pixa/ugc_image/06c42547-c4a5-4b25-9ebf-6a98b3e37526/1784534490_9b74d715.png"",""path"":""/kwkj-k8s/SQL/data/用户输入/有水印/图片/337505318901166080_0.png"",""request_url"":""https://cos-aigc-default.agnes-ai.com/pixa/ugc_image/06c42547-c4a5-4b25-9ebf-6a98b3e37526/1784534490_9b74d715.png"",""manifest_entry"":true,""role"":""first_frame"",""exists"":true,""kind"":""image""}]",4,720P,9:16
cn300v2_d679e7f45f487d56da056292,i2v,3,"一镜到底,镜头缓慢向后拉远,云海缓缓流动,人物缓步前行衣袂飘动,龙纹立柱光影微动,长桥浮动,穹顶星光闪烁,壮观大气,清冷孤寂,国风仙侠天宫,电影 CG 质感","[{""type"":""image"",""index"":0,""url"":""https://cos-aigc-default.agnes-ai.space/pixa/ugc_image/ea684aa4-6fa8-42a5-b38b-61d6353feaec/1786168448_83632067.png"",""path"":""/kwkj-k8s/SQL/data/用户输入/有水印/图片/344358707152506880_0.png"",""request_url"":""https://cos-aigc-default.agnes-ai.space/pixa/ugc_image/ea684aa4-6fa8-42a5-b38b-61d6353feaec/1786168448_83632067.png"",""manifest_entry"":true,""role"":""first_frame"",""exists"":true,""kind"":""image""}]",5,720P,16:9
cn300v2_ecce43321787fb7333d2704d,i2v,3,"一镜到底,向前推镜,云海持续翻涌,瀑布水流流动,金墙波光晃动,平台水光涟漪,古装仙女缓步前行,飘带裙摆随风飞扬,薄雾缭绕,宏大仙侠天宫,电影质感,画面稳定。","[{""type"":""image"",""index"":0,""url"":""https://cos-aigc-default.agnes-ai.space/pixa/ugc_image/ea684aa4-6fa8-42a5-b38b-61d6353feaec/1786020889_39044212.png"",""path"":""/kwkj-k8s/SQL/data/用户输入/有水印/图片/343739635440242688_0.png"",""request_url"":""https://cos-aigc-default.agnes-ai.space/pixa/ugc_image/ea684aa4-6fa8-42a5-b38b-61d6353feaec/1786020889_39044212.png"",""manifest_entry"":true,""role"":""first_frame"",""exists"":true,""kind"":""image""}]",5,720P,9:16
cn300v2_271effa9c1cab3b432ef4239,i2v,4,"以参考照片为首帧,严格保持人物身份、五官、发型和服装一致。 真实体育赛事电视直播画面,一位年轻女生坐在热闹的体育场看台观看比赛,专业体育转播摄像机从较远位置使用长焦镜头偶然捕捉到她。镜头先稳定停留在人群中,随后缓慢推近人物,带有轻微自然的手持漂移。 女生起初专注望向球场,跟随比赛轻轻鼓掌;几秒后察觉到摄像机,略微愣住,转头看向镜头,露出有些害羞又惊喜的自然笑容,轻轻挥手,然后重新看向球场。动作克制、连续、符合真实人体运动,没有表演痕迹。 周围观众自然交谈、鼓掌和挥动应援物,前后排动作不同步,背景人群轻微虚化。明亮但不均匀的球场灯光,真实皮肤纹理、碎发和轻微面部油光,轻微运动模糊、数字噪点、电视直播压缩感、非完美抓拍构图。 16:9,8秒,25fps,真实体育直播质感,长焦浅景深,固定单镜头,无转场,无慢动作。","[{""type"":""image"",""index"":0,""url"":""https://cos-aigc-default.agnes-ai.space/pixa/ugc_image/bd321beb-4463-4f1b-a1bf-529dc789cdf4/1786937617_258f951a.png"",""path"":""/kwkj-k8s/SQL/data/用户输入/有水印/图片/347586544470773760_0.png"",""request_url"":""https://cos-aigc-default.agnes-ai.space/pixa/ugc_image/bd321beb-4463-4f1b-a1bf-529dc789cdf4/1786937617_258f951a.png"",""manifest_entry"":true,""role"":""first_frame"",""exists"":true,""kind"":""image""}]",8,720P,9:16
cn300v2_71c3e1cf7e7fe8f3ec17284c,i2v,4,"1.美杜莎[Reference Image 1]头发特写:不断扭动的蛇发,蛇探着头嘶嘶的伸着舌头,做攻击状眼部大特写 4k超清,hdr,细节丰富完美,阴影部分层次丰富。人物的服饰妆造发型稳定,角色细节不变,角色符合设定","[{""type"":""image"",""index"":0,""url"":""https://cos-aigc-default.agnes-ai.space/pixa/ugc_image/eb2ea441-8e7e-499c-8df2-d50ca4f53134/1786263363_57855aae.png"",""path"":""/kwkj-k8s/SQL/data/用户输入/有水印/图片/344756690914242560_0.png"",""request_url"":""https://cos-aigc-default.agnes-ai.space/pixa/ugc_image/eb2ea441-8e7e-499c-8df2-d50ca4f53134/1786263363_57855aae.png"",""manifest_entry"":true,""role"":""first_frame"",""exists"":true,""kind"":""image""}]",4,720P,16:9
cn300v2_9a157e87414d293eabf31a61,i2v,4,"丢出巨蟹座魔法球落地(魔法球里浮现巨蟹座标志),变身巨蟹座战士(变身期间消除人物耳麦),战士铠甲(粉加银色铠甲),华丽变身从脚到身体,身后召唤出现大巨蟹,人物说了句别以为我温柔,生气起来你招架不住。(人物脸型发型不变)","[{""type"":""image"",""index"":0,""url"":""https://cos-aigc-default.agnes-ai.com/pixa/chat_attachment/e962c5c3-bd8e-4fe3-af91-48a590a58f30/1778105695_4dea0d21.jpg"",""path"":""/kwkj-k8s/SQL/data/用户输入/有水印/图片/310540775217852416_0.jpg"",""request_url"":""https://cos-aigc-default.agnes-ai.com/pixa/chat_attachment/e962c5c3-bd8e-4fe3-af91-48a590a58f30/1778105695_4dea0d21.jpg"",""manifest_entry"":true,""role"":""first_frame"",""exists"":true,""kind"":""image""}]",10,720P,9:16
cn300v2_dda6a67dc6a0555301ceb39a,i2v,4,"古风朝堂大殿内,女帝身穿帝王冕服端坐在高台龙椅上,女扮男装的年轻帝王气质,表面强装镇定,实际局促尴尬。镜头为中近景,能看到龙椅扶手、帝王上半身和恢弘大殿背景,下方群臣虚化站立等待。镜头固定,极轻微缓慢前推。 女帝先尴尬抿嘴,眼神短暂飘开,沉默许久;随后低头看向袖口下方,双手手指轻轻搓动,动作很小,表现出局促不安和脑子空白;她肩膀微微绷紧,身体极轻微坐不住,但仍努力维持帝王仪态。最后她缓慢抬眼看向群臣,嘴角僵硬,生硬开口询问:“诸位爱卿......有何对策?” 表演要求:尴尬、迟疑、强装镇定,不要夸张搞笑,不要大幅度动作,不要挤眉弄眼;重点表现帝王表面威严与内心慌乱的反差。 声音要求:中性少女音,语气尴尬迟疑,前半句略停顿,后半句像硬挤出来。 画面风格:2D古风动漫,暗调古典电影感,低饱和朱红、鎏金、冷青灰色调,光影柔和,人物服饰发型稳定,画面干净高清。 负面要求:不要现代物品,不要纸张,不要字幕,不要夸张表情,不要乱动镜头,不要多人抢戏。","[{""type"":""image"",""index"":0,""url"":""https://cos-aigc-default.agnes-ai.com/pixa/chat_attachment/923d68fe-e6a5-4bbd-be60-72b626735ada/1782179071_67d5e140.jpg"",""path"":""/kwkj-k8s/SQL/data/用户输入/有水印/图片/327626824754630656_0.jpg"",""request_url"":""https://cos-aigc-default.agnes-ai.com/pixa/chat_attachment/923d68fe-e6a5-4bbd-be60-72b626735ada/1782179071_67d5e140.jpg"",""manifest_entry"":true,""role"":""first_frame"",""exists"":true,""kind"":""image""}]",10,720P,16:9
cn300v2_27faa4b04594026fe4dc1dd1,i2v,5,"少年站起来,转身走向门口,侧脸带着微笑,少年全身,背对镜头走向门口,侧脸的表情变为落寞悲伤,少年说“take care ”","[{""type"":""image"",""index"":0,""url"":""https://cos-aigc-default.agnes-ai.com/pixa/chat_attachment/c4e2c744-2d36-4503-9579-e4087614e789/1780465497_79f97498.jpg"",""path"":""/kwkj-k8s/SQL/data/用户输入/有水印/图片/320439328589463552_0.jpg"",""request_url"":""https://cos-aigc-default.agnes-ai.com/pixa/chat_attachment/c4e2c744-2d36-4503-9579-e4087614e789/1780465497_79f97498.jpg"",""manifest_entry"":true,""role"":""first_frame"",""exists"":true,""kind"":""image""}]",9,720P,16:9
cn300v2_491f74347cb2d8786d70cb30,i2v,5,"生成一段印度风格的舞蹈视频,添加印度风格,宝莱坞风格的背景音乐,欢快,活泼","[{""type"":""image"",""index"":0,""url"":""https://cos-aigc-default.agnes-ai.com/2/ugc_image/363451e4-2f81-4ab5-af96-ee8ac4bb951d/1778641474_4c66f358.png"",""path"":""/kwkj-k8s/SQL/data/用户输入/有水印/图片/312788374159278080_0.png"",""request_url"":""https://cos-aigc-default.agnes-ai.com/2/ugc_image/363451e4-2f81-4ab5-af96-ee8ac4bb951d/1778641474_4c66f358.png"",""manifest_entry"":true,""role"":""first_frame"",""exists"":true,""kind"":""image""}]",12,720P,9:16
cn300v2_5a645305c2ce79d18cfbcdeb,i2v,5,"主体站在画面中央,镜头固定稳定;主体将双臂向前平直伸出,身体与腰部进行夸张、机械式的左右摇摆,带明显喜感,动作循环重复,呈现鬼畜机车摇风格;主体面部表情保持严肃,与夸张肢体形成强烈反差。整体节奏明快,动作连贯,画面荒诞有趣,镜头不晃动,突出 AI 鬼畜舞效果而非真实舞蹈。","[{""type"":""image"",""index"":0,""url"":""https://cos-aigc-default.agnes-ai.com/m15/32925fee9a43d36feabed6164d043282-0.jpg"",""path"":""/kwkj-k8s/SQL/data/用户输入/无标签/图片/305215470785609728_0.jpg"",""request_url"":""https://cos-aigc-default.agnes-ai.com/m15/32925fee9a43d36feabed6164d043282-0.jpg"",""manifest_entry"":true,""role"":""first_frame"",""exists"":true,""kind"":""image""}]",4,720P,9:16
cn300v2_ba48a5de4ae924102ac93862,i2v,5,"镜头横向缓慢移动,宏大巨幅古代神话壁画墙,三位古风仙女回旋舞蹈,宽大裙摆大幅度翻飞旋转,飘带发丝随风舞动,庭院古松轻轻摇曳,天边云朵缓缓流动,光影柔和复古电影色调,灵动大气,全部元素动态","[{""type"":""image"",""index"":0,""url"":""https://cos-aigc-default.agnes-ai.space/pixa/ugc_image/ea684aa4-6fa8-42a5-b38b-61d6353feaec/1786020715_58f90403.png"",""path"":""/kwkj-k8s/SQL/data/用户输入/有水印/图片/343738803039059968_0.png"",""request_url"":""https://cos-aigc-default.agnes-ai.space/pixa/ugc_image/ea684aa4-6fa8-42a5-b38b-61d6353feaec/1786020715_58f90403.png"",""manifest_entry"":true,""role"":""first_frame"",""exists"":true,""kind"":""image""}]",5,720P,9:16
cn300v2_d6ea13ad59261e3a68cca5c3,i2v,5,"少年站起来,转身走向门口,侧脸带着微笑,表情特写,转身的时候表情变得落寞悲伤,背对镜头走向门口,少年说“take care ”","[{""type"":""image"",""index"":0,""url"":""https://cos-aigc-default.agnes-ai.com/pixa/chat_attachment/c4e2c744-2d36-4503-9579-e4087614e789/1780465497_79f97498.jpg"",""path"":""/kwkj-k8s/SQL/data/用户输入/有水印/图片/320443073515589632_0.jpg"",""request_url"":""https://cos-aigc-default.agnes-ai.com/pixa/chat_attachment/c4e2c744-2d36-4503-9579-e4087614e789/1780465497_79f97498.jpg"",""manifest_entry"":true,""role"":""first_frame"",""exists"":true,""kind"":""image""}]",7,720P,16:9
cn300v2_f4b66736d8056622577be857,i2v,5,"生成一段日本风格的舞蹈视频,添加强日本风格的背景音乐,日本小调,春日祭,秋日祭风格","[{""type"":""image"",""index"":0,""url"":""https://cos-aigc-default.agnes-ai.com/2/ugc_image/363451e4-2f81-4ab5-af96-ee8ac4bb951d/1778641474_4c66f358.png"",""path"":""/kwkj-k8s/SQL/data/用户输入/有水印/图片/312795050685984768_0.png"",""request_url"":""https://cos-aigc-default.agnes-ai.com/2/ugc_image/363451e4-2f81-4ab5-af96-ee8ac4bb951d/1778641474_4c66f358.png"",""manifest_entry"":true,""role"":""first_frame"",""exists"":true,""kind"":""image""}]",12,720P,9:16
cn300v2_25e5039c5ac61345aea00679,i2v,6,"粉衣白素贞手持莲花静坐荷塘青苔岸边,小青依偎在身后,整片荷塘开满粉白荷花荷叶,林间飘散纷飞粉色花瓣,整片林子弥漫淡青色朦胧水雾,垂柳枝叶轻轻晃动,柔光透过树林形成丁达尔光束;镜头缓缓向前温柔推进,一镜到底,花瓣持续飘落,衣纱微微随风拂动,温婉静谧的中式古典仙气,唯美幽怨贴合原版青蛇荷塘名场面","[{""type"":""image"",""index"":0,""url"":""https://cos-aigc-default.agnes-ai.com/pixa/ugc_image/ea684aa4-6fa8-42a5-b38b-61d6353feaec/1785141336_9ba976cd.png"",""path"":""/kwkj-k8s/SQL/data/用户输入/有水印/图片/340050570488381440_0.png"",""request_url"":""https://cos-aigc-default.agnes-ai.com/pixa/ugc_image/ea684aa4-6fa8-42a5-b38b-61d6353feaec/1785141336_9ba976cd.png"",""manifest_entry"":true,""role"":""first_frame"",""exists"":true,""kind"":""image""}]",5,720P,9:16
cn300v2_413e554f2a3e021e53dac607,i2v,6,"中景跟拍镜头,画面中穿着深蓝色宋代服饰的男子,右手抬起抓住木门上旧桃符的边缘,双手配合轻轻一扯,将旧桃符(红纸)利索地撕下。男子随后微微俯身,将撕下的桃符递给身旁等待的小孩。整体动作麻利,节奏轻快。背景保持宋代市井工笔写实风格,阳光明媚,光影稳定。宋韵美学,工笔画质感,写实。","[{""type"":""image"",""index"":0,""url"":""https://storage.googleapis.com/agnes-default/user_0b64cd28-2ce8-4301-8a8a-5461f0eea5b6/20260609/3b8416eb-5570-42c1-a166-cb25d4c2cf99.png"",""path"":""/kwkj-k8s/SQL/data/用户输入/有水印/图片/322644129612296192_0.png"",""request_url"":""https://storage.googleapis.com/agnes-default/user_0b64cd28-2ce8-4301-8a8a-5461f0eea5b6/20260609/3b8416eb-5570-42c1-a166-cb25d4c2cf99.png"",""manifest_entry"":true,""role"":""first_frame"",""exists"":true,""kind"":""image""}]",5,720P,16:9
cn300v2_61a847aa9b20e127098b0608,i2v,6,"主体张开双臂,天空打了一个闪电,伴随一声雷。随后一个大的棕色牛皮缝制的金币袋(金币袋装满金币,并有一些金币从袋子里溢出洒落在地上)跨过主体头上,然后落到主体前方的空地上。随后主体拿起福袋,背着福袋朝镜头方向走去 。","[{""type"":""image"",""index"":0,""url"":""https://cos-aigc-default.agnes-ai.com/m15/cd852cb4121270650b13a20f4036a9d2-0-080b1d68462e.jpg"",""path"":""/kwkj-k8s/SQL/data/用户输入/无标签/图片/306044847664603136_0.jpg"",""request_url"":""https://cos-aigc-default.agnes-ai.com/m15/cd852cb4121270650b13a20f4036a9d2-0-080b1d68462e.jpg"",""manifest_entry"":true,""role"":""first_frame"",""exists"":true,""kind"":""image""}]",5,720P,9:16
cn300v2_a7ebb12c286be668045a9fb9,i2v,6,"高束马尾白衣女子手持古风油纸伞立于云雾之中,凌厉清冷的白蛇气质,发丝狂风肆意飞舞飘动,身后悬浮半透明流光白蛇虚影,鳞片折射七彩光斑,轻纱被大风猛烈扬起,山间浓雾流动翻涌,冷调青灰电影光影,仙气凛冽震撼,史诗级画面张力,布料发丝动态自然真实","[{""type"":""image"",""index"":0,""url"":""https://cos-aigc-default.agnes-ai.com/pixa/ugc_image/ea684aa4-6fa8-42a5-b38b-61d6353feaec/1785134344_37f5c52f.png"",""path"":""/kwkj-k8s/SQL/data/用户输入/有水印/图片/340021262114041856_0.png"",""request_url"":""https://cos-aigc-default.agnes-ai.com/pixa/ugc_image/ea684aa4-6fa8-42a5-b38b-61d6353feaec/1785134344_37f5c52f.png"",""manifest_entry"":true,""role"":""first_frame"",""exists"":true,""kind"":""image""}]",5,720P,9:16
cn300v2_f60230a06c358086d9627ff8,i2v,6,"手部极其缓慢地拿起一片姜片,动作幅度极小,桌面竹影随风吹动缓慢偏移,茶盏热气轻轻飘散,镜头从左上向右下极慢平移,自然光柔和变化,保留淡水彩质感,画面稳定,微动强度低","[{""type"":""image"",""index"":0,""url"":""https://cos-aigc-default.agnes-ai.com/pixa/ugc_image/06c42547-c4a5-4b25-9ebf-6a98b3e37526/1784534203_13e057a8.png"",""path"":""/kwkj-k8s/SQL/data/用户输入/有水印/图片/337503975536893952_0.png"",""request_url"":""https://cos-aigc-default.agnes-ai.com/pixa/ugc_image/06c42547-c4a5-4b25-9ebf-6a98b3e37526/1784534203_13e057a8.png"",""manifest_entry"":true,""role"":""first_frame"",""exists"":true,""kind"":""image""}]",4,720P,9:16
cn300v2_3cf25604d39b265a6db0c6b5,i2v,7,"沉浸式低角度跟拍镜头。女孩坐在被碎花长裙覆盖的巨大隐形底座上,顺着倾斜的山坡,在空中沿着一条平缓圆滑的 U 型轨迹低空悬浮向前滑行。镜头紧紧跟随她的背影移动。沿途绚丽的野花和茂密的青草自然地翻涌起伏,女孩的短发和宽大的裙摆随着滑行的惯性轻轻飘浮。上方蔚蓝的天空中,巨大的积云缓缓流淌和变幻。画面的物理动态非常自然且具有真实的物理惯性,没有刻意夸张的特效。极致宁静、治愈的梦核动画感,镜头带有轻微的自然呼吸,画面明亮通透。","[{""type"":""image"",""index"":0,""url"":""https://cos-aigc-default.agnes-ai.com/pixa/ugc_image/26b48eb2-5d61-4d51-9486-b7b8dba12632/1784871960_04bdc477.png"",""path"":""/kwkj-k8s/SQL/data/用户输入/有水印/图片/338920984774205440_0.png"",""request_url"":""https://cos-aigc-default.agnes-ai.com/pixa/ugc_image/26b48eb2-5d61-4d51-9486-b7b8dba12632/1784871960_04bdc477.png"",""manifest_entry"":true,""role"":""first_frame"",""exists"":true,""kind"":""image""}]",5,720P,9:16
cn300v2_4a3f067904e278d82f0687cf,i2v,7,"白衣白素贞与青衫小青站在湖水之中双手紧紧相握,两条巨型白灵蛇、青灵蛇破水而出翻涌浪花,飞溅晶莹水珠四散漂浮,湖面波光浮动反光,两人长发与轻纱被水波晚风飘逸扬起;水花持续动态溅射,林间水雾氤氲升腾,姐妹羁绊氛围感拉满,空灵仙气,画面冲击力极强","[{""type"":""image"",""index"":0,""url"":""https://cos-aigc-default.agnes-ai.com/pixa/ugc_image/ea684aa4-6fa8-42a5-b38b-61d6353feaec/1785129653_c53b1162.png"",""path"":""/kwkj-k8s/SQL/data/用户输入/有水印/图片/340001562357202944_0.png"",""request_url"":""https://cos-aigc-default.agnes-ai.com/pixa/ugc_image/ea684aa4-6fa8-42a5-b38b-61d6353feaec/1785129653_c53b1162.png"",""manifest_entry"":true,""role"":""first_frame"",""exists"":true,""kind"":""image""}]",5,720P,9:16
cn300v2_ac38b5af23c4103db7c2574a,i2v,7,"沉浸式的电影级古风跟拍镜头。这位身穿白底红边华丽汉服、手执竹简的仙子,身体处于一种毫无重力的悬浮状态。她正缓慢、轻盈地朝着画面后方宏伟的天宫楼阁与宫殿群,向后退去。镜头在侧前方保持平视,平稳地跟随她后退。在缓缓后飘的过程中,没有任何强烈的气流,她柔顺的长发、发冠上的珠串,以及宽大的衣袂,仅仅依靠失重状态下自身的物理惯性,向外轻柔地蓬松、飘散。阳光从侧后方洒落,光影在远处的皇家建筑、河流和山脉间流动。仙气飘飘,极具梦核超现实感,镜头带有自然呼吸感,绝无生硬的人工平移拉扯特效。","[{""type"":""image"",""index"":0,""url"":""https://cos-aigc-default.agnes-ai.com/pixa/ugc_image/26b48eb2-5d61-4d51-9486-b7b8dba12632/1784887689_708441a2.png"",""path"":""/kwkj-k8s/SQL/data/用户输入/有水印/图片/338986951598190592_0.png"",""request_url"":""https://cos-aigc-default.agnes-ai.com/pixa/ugc_image/26b48eb2-5d61-4d51-9486-b7b8dba12632/1784887689_708441a2.png"",""manifest_entry"":true,""role"":""first_frame"",""exists"":true,""kind"":""image""}]",5,720P,9:16
cn300v2_c8de789b7014b12e47b4d889,i2v,7,"提示词: 电影感10秒动画,从全身站立姿势过渡到坐姿。人物保持长波浪黑发和米色吊带裙的迷人造型。动作:她优雅地坐在木椅上,一手轻抚头发,另一手拿着墨镜,裙子布料随重力自然飘动。环境:传统的木屋背景,带有鲜艳的三角梅。光影:柔和的自然阳光,保持一致的暖色调,照片级写实的皮肤质感。 动作控制: 平滑过渡,慢动作坐下,优雅的动作,无突兀变化,保持视线一致。","[{""type"":""image"",""index"":0,""url"":""https://cos-aigc-default.agnes-ai.com/pixa/chat_attachment/b13f838a-f268-4af6-92e8-99b818e31280/1777956338_4fd6dd44.jpg"",""path"":""/kwkj-k8s/SQL/data/用户输入/有水印/图片/310426830435909632_0.jpg"",""request_url"":""https://cos-aigc-default.agnes-ai.com/pixa/chat_attachment/b13f838a-f268-4af6-92e8-99b818e31280/1777956338_4fd6dd44.jpg"",""manifest_entry"":true,""role"":""first_frame"",""exists"":true,""kind"":""image""}]",10,720P,9:16
cn300v2_dd8da86e7f87ca22244c2533,i2v,7,"镜头向前缓缓推进一镜到底,哈尔移动城堡行走在山林溪流之中,湍急溪水拍打城堡腿部溅起细碎水花,溪水折射阳光浮现浮动迷你彩虹,身后巨型瀑布水雾缓缓升腾飘散,山林绿植花草随风微动,水珠带有星光折射特效,山间光束穿透雾气流动,野性又治愈的秘境画面,动态水雾水流真实自然","[{""type"":""image"",""index"":0,""url"":""https://cos-aigc-default.agnes-ai.com/pixa/ugc_image/ea684aa4-6fa8-42a5-b38b-61d6353feaec/1785157521_3f886b28.jpg"",""path"":""/kwkj-k8s/SQL/data/用户输入/有水印/图片/340118544956063744_0.jpg"",""request_url"":""https://cos-aigc-default.agnes-ai.com/pixa/ugc_image/ea684aa4-6fa8-42a5-b38b-61d6353feaec/1785157521_3f886b28.jpg"",""manifest_entry"":true,""role"":""first_frame"",""exists"":true,""kind"":""image""}]",5,720P,9:16
cn300v2_65215767082d70e32709800e,i2v,8,"提示词:左侧的白色角色抵挡住了右侧深色角色的能量攻击,随即用手中大炮武器的能量武器快速展开反击。深色角色使用幻化出的光剑接招。精彩的打斗场面。摄像机快速运动,在两人之间不断推进拉远。","[{""type"":""image"",""index"":0,""url"":""https://cos-aigc-default.agnes-ai.com/pixa/chat_attachment/79c16a3e-9a9b-4ada-9a2f-5834904c1280/1776652292_d4d12b99.jpg"",""path"":""/kwkj-k8s/SQL/data/用户输入/有水印/图片/304444691684917248_0.jpg"",""request_url"":""https://cos-aigc-default.agnes-ai.com/pixa/chat_attachment/79c16a3e-9a9b-4ada-9a2f-5834904c1280/1776652292_d4d12b99.jpg"",""manifest_entry"":true,""role"":""first_frame"",""exists"":true,""kind"":""image""}]",5,720P,9:16
cn300v2_674f8823ecfde7ec9842ecfd,i2v,8,"镜头3:男主背影+中山陵林荫道 • 画面:跟拍男主背影,他穿着黑T恤牛仔裤,骑着车在梧桐大道上,前方是中山陵标志性的绿色林荫道 • 运镜:跟拍,保持和男主骑行速度一致 • 文案:“他永远会在前面等我”","[{""type"":""image"",""index"":0,""url"":""https://cos-aigc-default.agnes-ai.com/pixa/chat_attachment/735a165a-64e8-4b47-899d-cdf7a2451a78/1779806054_c79ac884.heic"",""path"":""/kwkj-k8s/SQL/data/用户输入/有水印/图片/317674258662785024_0.jpg"",""request_url"":""https://cos-aigc-default.agnes-ai.com/pixa/chat_attachment/735a165a-64e8-4b47-899d-cdf7a2451a78/1779806054_c79ac884.heic"",""manifest_entry"":true,""role"":""first_frame"",""exists"":true,""kind"":""image""}]",6,720P,3:4
cn300v2_8e2f8a6b988e3ea09a5227fa,i2v,8,"左边的角色拿着镰刀,右边的角色拿着法杖,左边的角色对右边的角色展开猛烈的连续斩击攻击,左边角色挥舞镰刀每次都伴随着暗红紫黑色特效光效伴随。右边角色紧张流汗的艰难躲避,释放出魔法阵抵挡,魔法阵被攻击粉碎,最后被右边角色一记回旋踢踢在腰部上,被踢飞摔在地上翻滚几圈吐血。自由战斗过程","[{""type"":""image"",""index"":0,""url"":""https://cos-aigc-default.agnes-ai.com/pixa/chat_attachment/4559388d-f9cb-475e-85c6-83810bfe21f5/1777812714_40965ef7.jpg"",""path"":""/kwkj-k8s/SQL/data/用户输入/有水印/图片/309312674991276032_0.jpg"",""request_url"":""https://cos-aigc-default.agnes-ai.com/pixa/chat_attachment/4559388d-f9cb-475e-85c6-83810bfe21f5/1777812714_40965ef7.jpg"",""manifest_entry"":true,""role"":""first_frame"",""exists"":true,""kind"":""image""}]",10,720P,16:9
cn300v2_b3f38f21ce54f1a703701bd1,i2v,8,"主体保持当前动作静止,主体保持不动,极致慢动作子弹时间效果,时间凝固,镜头高速环绕主体一周,从多个角度展示冻结瞬间,背景保持连续空间关系。","[{""type"":""image"",""index"":0,""url"":""https://cos-aigc-default.agnes-ai.space/pixa/ugc_image/867a6464-f9b6-4f21-a4a6-7b9d19d06dcd/1785481911_45ca91a3.jpg"",""path"":""/kwkj-k8s/SQL/data/用户输入/有水印/图片/341479563896889344_0.jpg"",""request_url"":""https://cos-aigc-default.agnes-ai.space/pixa/ugc_image/867a6464-f9b6-4f21-a4a6-7b9d19d06dcd/1785481911_45ca91a3.jpg"",""manifest_entry"":true,""role"":""first_frame"",""exists"":true,""kind"":""image""}]",6,720P,1:1
cn300v2_e6164bdf8aa1cb093f2421b7,i2v,8,"电影级复古仙侠质感,镜头缓慢向前推进,轻微左右摇镜,四位古装仙女背向镜头缓步向前行走,衣袖长裙随风飘动,孔雀站在前方尾羽缓缓舒展抖动,镜面地面泛起微弱水波纹,金色巨型宫阙立柱,远处浮空仙山,云层云雾缓缓流动,光线温暖鎏金,画面灵动视觉震撼,所有元素自然动态,流畅丝滑","[{""type"":""image"",""index"":0,""url"":""https://cos-aigc-default.agnes-ai.space/pixa/ugc_image/ea684aa4-6fa8-42a5-b38b-61d6353feaec/1786020452_add6a667.png"",""path"":""/kwkj-k8s/SQL/data/用户输入/有水印/图片/343737794084016128_0.png"",""request_url"":""https://cos-aigc-default.agnes-ai.space/pixa/ugc_image/ea684aa4-6fa8-42a5-b38b-61d6353feaec/1786020452_add6a667.png"",""manifest_entry"":true,""role"":""first_frame"",""exists"":true,""kind"":""image""}]",5,720P,9:16
cn300v2_35e16e56fa32ec50a8b742dd,i2v,9,"大佛双手合十,散发出金色的佛光,金身大佛佛光脉动流光,天宫楼宇云雾环绕流动,人物轻纱随风飘动,周身紫金星光粒子飘散浮动,云海大面积翻涌升腾,星空缓慢流动,佛光向外弥散,镜头环绕抬升,神圣恢弘,仙气充沛,史诗震撼观感,画面顺滑自然","[{""type"":""image"",""index"":0,""url"":""https://cos-aigc-default.agnes-ai.com/pixa/ugc_image/ea684aa4-6fa8-42a5-b38b-61d6353feaec/1784958848_0f421d00.png"",""path"":""/kwkj-k8s/SQL/data/用户输入/有水印/图片/339285464095703040_0.png"",""request_url"":""https://cos-aigc-default.agnes-ai.com/pixa/ugc_image/ea684aa4-6fa8-42a5-b38b-61d6353feaec/1784958848_0f421d00.png"",""manifest_entry"":true,""role"":""first_frame"",""exists"":true,""kind"":""image""}]",6,720P,9:16
cn300v2_76fcca8b5fc5c2bef40494fc,i2v,9,"一镜到底,运镜缓慢拉远,壮观大气,清冷孤独,红衣女子站悬崖边,衣摆被风扬起,巨型天宫楼阁,高空瀑布水流倾泻飞溅,云海缓慢流动翻涌,远处悬浮仙山,龙纹石柱,金色莲花泛微光,晨夕柔光,电影 CG,宏大辽阔。","[{""type"":""image"",""index"":0,""url"":""https://cos-aigc-default.agnes-ai.space/pixa/ugc_image/ea684aa4-6fa8-42a5-b38b-61d6353feaec/1786168093_d475e110.png"",""path"":""/kwkj-k8s/SQL/data/用户输入/有水印/图片/344356974770888704_0.png"",""request_url"":""https://cos-aigc-default.agnes-ai.space/pixa/ugc_image/ea684aa4-6fa8-42a5-b38b-61d6353feaec/1786168093_d475e110.png"",""manifest_entry"":true,""role"":""first_frame"",""exists"":true,""kind"":""image""}]",5,720P,9:16
cn300v2_bc09baddd17f7106cbea5588,i2v,9,"开场·中山陵入口 • 画面:中山陵博爱牌坊全景,复古动漫风,女主和男主骑着公路车并肩从画面左侧驶入,阳光穿过树叶洒在身上 • 运镜:缓慢推进,带轻微镜头晃动,像第一人称骑行视角 • 文案:“和他一起,解锁中山陵的夏天”","[{""type"":""image"",""index"":0,""url"":""https://cos-aigc-default.agnes-ai.com/pixa/chat_attachment/735a165a-64e8-4b47-899d-cdf7a2451a78/1779805952_b7e4eb1e.heic"",""path"":""/kwkj-k8s/SQL/data/用户输入/有水印/图片/317672854481108992_0.jpg"",""request_url"":""https://cos-aigc-default.agnes-ai.com/pixa/chat_attachment/735a165a-64e8-4b47-899d-cdf7a2451a78/1779805952_b7e4eb1e.heic"",""manifest_entry"":true,""role"":""first_frame"",""exists"":true,""kind"":""image""}]",6,720P,3:4
cn300v2_c125be9df691535b000fa1ea,i2v,9,"一镜到底,运镜缓慢拉远,壮观宏大,孤独氛围感,云海缓缓流动翻涌,桥上多位古装仙女缓步向前行走,衣袂随风轻轻飘动,巨型天宫建筑,玉石雕花长桥,云雾缭绕,圆环门洞透出远山与圆月,云层流动,光影柔和,电影 CG,细节丰富,画面静谧辽阔","[{""type"":""image"",""index"":0,""url"":""https://cos-aigc-default.agnes-ai.space/pixa/ugc_image/ea684aa4-6fa8-42a5-b38b-61d6353feaec/1786168064_4518f77a.png"",""path"":""/kwkj-k8s/SQL/data/用户输入/有水印/图片/344357145026224128_0.png"",""request_url"":""https://cos-aigc-default.agnes-ai.space/pixa/ugc_image/ea684aa4-6fa8-42a5-b38b-61d6353feaec/1786168064_4518f77a.png"",""manifest_entry"":true,""role"":""first_frame"",""exists"":true,""kind"":""image""}]",5,720P,9:16
cn300v2_de9ce9b95775b13287615baf,i2v,9,"大师级运镜,整片云海缓慢波浪式起伏,零星小浮岛随云雾缓缓漂移,天边晚霞慢慢渐变,切至主浮空岛瀑布持续流水下落,水花雾化融进云层,屋顶霓虹店名微光轻微闪,镜头缓慢环绕浮空咖啡馆,风车慢转,瀑布流水下坠,云海缓缓涌动,星光点点随风飘荡","[{""type"":""image"",""index"":0,""url"":""https://cos-aigc-default.agnes-ai.com/m21-watermarks/water-pixa-e0ea8daa6717-0-e9ae1dd723d8.jpg"",""path"":""/kwkj-k8s/SQL/data/用户输入/有水印/图片/320752668343767040_0.jpg"",""request_url"":""https://cos-aigc-default.agnes-ai.com/m21-watermarks/water-pixa-e0ea8daa6717-0-e9ae1dd723d8.jpg"",""manifest_entry"":true,""role"":""first_frame"",""exists"":true,""kind"":""image""}]",10,720P,16:9
cn300v2_4a860fc714a4f6629339c696,i2v,10,"镜头从立体蜂窝分子结构的近处节点低空掠过,前景节点大面积虚化,蓝色高光闪烁;镜头缓慢向前推进并拉焦到中景清晰的六边形晶格,体现近大远小的空间纵深;最后镜头微微上扬,展示蜂窝结构悬浮在蓝黑虚无空间中的立体层次。","[{""type"":""image"",""index"":0,""url"":""https://cos-aigc-default.agnes-ai.com/pixa/ugc_image/bd321beb-4463-4f1b-a1bf-529dc789cdf4/1783427244_db5fcf84.png"",""path"":""/kwkj-k8s/SQL/data/用户输入/有水印/图片/332861290569539584_0.png"",""request_url"":""https://cos-aigc-default.agnes-ai.com/pixa/ugc_image/bd321beb-4463-4f1b-a1bf-529dc789cdf4/1783427244_db5fcf84.png"",""manifest_entry"":true,""role"":""first_frame"",""exists"":true,""kind"":""image""}]",4,720P,16:9
cn300v2_6e5851cde3344cd18d6c4a9b,i2v,10,"环形的卡片绕人物转动,随后停下来,用户用手指点了一下下方左侧的黑色吊带套装卡片,手指戳到卡片时卡片微微晃动一下,中间人物切换至同款服装造型,触碰卡片时周围卡片消失,切至全景人物摆出惊讶的表情和造型。高级感时尚卡点背景音乐","[{""type"":""image"",""index"":0,""url"":""https://cos-aigc-default.agnes-ai.com/pixa/ugc_image/363451e4-2f81-4ab5-af96-ee8ac4bb951d/1782204459_ead8256b.jpg"",""path"":""/kwkj-k8s/SQL/data/用户输入/有水印/图片/327740664540426240_0.jpg"",""request_url"":""https://cos-aigc-default.agnes-ai.com/pixa/ugc_image/363451e4-2f81-4ab5-af96-ee8ac4bb951d/1782204459_ead8256b.jpg"",""manifest_entry"":true,""role"":""first_frame"",""exists"":true,""kind"":""image""}]",8,720P,9:16
cn300v2_7e7917bb868f774445216470,i2v,10,"大将军(白衣服)+地图特写 镜头切到大将军,身旁弹出边关作战地图特写,大将军瞬间脸色惨白,双眼惊恐瞪大,连连摆手后退半步 大将军站武将队列 大将军(惶恐崩溃):“那是我老家啊老师。”、中文。阳光有力的少年音","[{""type"":""image"",""index"":0,""url"":""https://cos-aigc-default.agnes-ai.com/pixa/chat_attachment/f3470a8f-b1b2-4c27-a511-e9ff2c82d710/1782108940_7068b838.jpg"",""path"":""/kwkj-k8s/SQL/data/用户输入/有水印/图片/327332253990481920_0.jpg"",""request_url"":""https://cos-aigc-default.agnes-ai.com/pixa/chat_attachment/f3470a8f-b1b2-4c27-a511-e9ff2c82d710/1782108940_7068b838.jpg"",""manifest_entry"":true,""role"":""first_frame"",""exists"":true,""kind"":""image""}]",8,720P,16:9
cn300v2_8805fec3df1c312d5dae2368,i2v,10,"一镜到底,仰拍视角,镜头缓慢微微向下推移,华丽鎏金雕花龙纹穹顶,两位古装仙女在仙台凌空起舞弹奏,长长的飘带长袖肆意飞扬,大量云雾云层滚滚流动穿梭殿宇之间,云海翻涌,天光洒落,画面仙气磅礴,所有人物云雾动态流畅,视觉震撼","[{""type"":""image"",""index"":0,""url"":""https://cos-aigc-default.agnes-ai.space/pixa/ugc_image/ea684aa4-6fa8-42a5-b38b-61d6353feaec/1786021280_8a16e831.png"",""path"":""/kwkj-k8s/SQL/data/用户输入/有水印/图片/343741559275122688_0.png"",""request_url"":""https://cos-aigc-default.agnes-ai.space/pixa/ugc_image/ea684aa4-6fa8-42a5-b38b-61d6353feaec/1786021280_8a16e831.png"",""manifest_entry"":true,""role"":""first_frame"",""exists"":true,""kind"":""image""}]",5,720P,9:16
cn300v2_ddad98a8797f220b6a4625c2,i2v,10,"镜头6|动作不同步 女主猛地抬头,抬手摸脸。镜中的她慢了半秒才抬手,而且动作更优雅,像贵族小姐。 中近景,轻微推进 Female Lead, softly: “Who is there?” 烛火噼啪声变清晰,窗外雷声很远。","[{""type"":""image"",""index"":0,""url"":""https://cos-aigc-default.agnes-ai.com/pixa/chat_attachment/735a165a-64e8-4b47-899d-cdf7a2451a78/1779348151_a26a4787.jpg"",""path"":""/kwkj-k8s/SQL/data/用户输入/有水印/图片/315752506697265152_0.jpg"",""request_url"":""https://cos-aigc-default.agnes-ai.com/pixa/chat_attachment/735a165a-64e8-4b47-899d-cdf7a2451a78/1779348151_a26a4787.jpg"",""manifest_entry"":true,""role"":""first_frame"",""exists"":true,""kind"":""image""}]",10,720P,16:9
cn300v2_040647aeb30f2909ab9ba9cb,i2v,11,"一镜到底,镜头缓慢向前推进,巨大环形圆月散发光芒,巨型瀑布水流奔涌倾泻,水雾升腾缭绕,三位古装仙女背向镜头缓步走上浮空拱桥,长长的裙裾随风轻轻飘动,古松枝叶摇曳,镜面云海泛起微弱波纹,整体仙气悠远,动态自然丝滑","[{""type"":""image"",""index"":0,""url"":""https://cos-aigc-default.agnes-ai.space/pixa/ugc_image/ea684aa4-6fa8-42a5-b38b-61d6353feaec/1786021056_ff62020e.png"",""path"":""/kwkj-k8s/SQL/data/用户输入/有水印/图片/343740203055259648_0.png"",""request_url"":""https://cos-aigc-default.agnes-ai.space/pixa/ugc_image/ea684aa4-6fa8-42a5-b38b-61d6353feaec/1786021056_ff62020e.png"",""manifest_entry"":true,""role"":""first_frame"",""exists"":true,""kind"":""image""}]",5,720P,9:16
cn300v2_49ea7895fa9d688e1330b071,i2v,11,"一镜到底,镜头缓慢向上抬升,悬空巨型仙山,恢弘大瀑布水流倾泻而下,水雾弥漫,两位仙女对坐石桌品茶,茶水缓缓倾倒流出,茶炉飘出袅袅白烟,古松枝叶随风晃动,两侧悬浮古风天宫楼阁,山间云雾缓缓游走,画面空灵震撼,全部元素动态","[{""type"":""image"",""index"":0,""url"":""https://cos-aigc-default.agnes-ai.space/pixa/ugc_image/ea684aa4-6fa8-42a5-b38b-61d6353feaec/1786021026_27547daf.png"",""path"":""/kwkj-k8s/SQL/data/用户输入/有水印/图片/343740198823649280_0.png"",""request_url"":""https://cos-aigc-default.agnes-ai.space/pixa/ugc_image/ea684aa4-6fa8-42a5-b38b-61d6353feaec/1786021026_27547daf.png"",""manifest_entry"":true,""role"":""first_frame"",""exists"":true,""kind"":""image""}]",5,720P,9:16
cn300v2_d002a3ac00e04cf1b53c0859,i2v,11,"沉浸式的缓慢环绕运镜,镜头伴随自然的呼吸感。前景两名身穿蓝色长袍的修行者背对镜头,手握长杖。远处是一座宏伟至极、挂满无数暖黄灯笼的多层巨型木塔。一阵微弱的气流拂过,塔身上的红色薄纱和悬浮的轻盈雾气随之缓缓飘动、升腾。漫天灯笼的暖光轻轻闪烁。前方长杖顶端的火苗随风微微摇曳。广场上的人群以极其缓慢的速度走动。上方蔚蓝的天空中,云层缓慢流动。仙侠梦核治愈风,画面肃穆宏大,光影唯美,绝无廉价拉扯特效。","[{""type"":""image"",""index"":0,""url"":""https://cos-aigc-default.agnes-ai.com/pixa/ugc_image/26b48eb2-5d61-4d51-9486-b7b8dba12632/1784979461_72e7aa6c.png"",""path"":""/kwkj-k8s/SQL/data/用户输入/有水印/图片/339371441720078336_0.png"",""request_url"":""https://cos-aigc-default.agnes-ai.com/pixa/ugc_image/26b48eb2-5d61-4d51-9486-b7b8dba12632/1784979461_72e7aa6c.png"",""manifest_entry"":true,""role"":""first_frame"",""exists"":true,""kind"":""image""}]",5,720P,9:16
cn300v2_dea8c4c33ba1a269e98f9417,i2v,11,"很多人抬着棺材往前走,两边有敲锣打鼓的,有吹锁啦萨克斯的,后面跟着拿花圈的上面写着五一大出殡,航拍环绕镜头","[{""type"":""image"",""index"":0,""url"":""https://cos-aigc-default.agnes-ai.com/pixa/chat_attachment/9b5e5b95-96ea-42bf-92b8-b007871a2520/1777524574_7dabccce.png"",""path"":""/kwkj-k8s/SQL/data/用户输入/有水印/图片/308104830467964928_0.png"",""request_url"":""https://cos-aigc-default.agnes-ai.com/pixa/chat_attachment/9b5e5b95-96ea-42bf-92b8-b007871a2520/1777524574_7dabccce.png"",""manifest_entry"":true,""role"":""first_frame"",""exists"":true,""kind"":""image""}]",10,720P,16:9
cn300v2_fdf95edfce1ccb2f06aa4907,i2v,11,"殿内红衣男子、紫衣男子、白衣男子呈三角站位,三人站立不动,三种不同颜色的气场对冲,画面上方加夸张电光特效。画外音女主(内心 OS,生无可恋麻木平静的中性少女音,中文):“他们三位神仙在前朝打架,让我遭殃。”","[{""type"":""image"",""index"":0,""url"":""https://cos-aigc-default.agnes-ai.com/pixa/chat_attachment/c4e2c744-2d36-4503-9579-e4087614e789/1781687410_b1043f18.jpg"",""path"":""/kwkj-k8s/SQL/data/用户输入/有水印/图片/325563803408437248_0.jpg"",""request_url"":""https://cos-aigc-default.agnes-ai.com/pixa/chat_attachment/c4e2c744-2d36-4503-9579-e4087614e789/1781687410_b1043f18.jpg"",""manifest_entry"":true,""role"":""first_frame"",""exists"":true,""kind"":""image""}]",6,720P,16:9
cn300v2_0db999a06f2258a0cd7b3917,i2v,12,"大师级运镜,摄像机以级高速贴地飞行,全景展示超大通透星际高端生鲜超市,整体极简纯白 + 浅银科技风装修,挑高穹顶悬浮无数细长柔光灯带,整片落地全息玻璃外墙,透光柔和不刺眼镜头推至祁星沉[Reference Image 1]侧身站在食材货架前推着购物车,面部特写祁星沉用光脑给宁音发语音消息,声音温柔:“雌主,我是祁星沉 ,您工作辛苦了!我今晚搬到您那里,您喜欢吃什么,我现在在超市。”写实的渲染风格,CG画风,电影级光影,自然光优先,真实阴影,环境光影响肤色,人物融合好,人物妆造稳定 人物造型稳定 人物造型稳定 背景虚焦 角色光影对比鲜明 ,电影级质感,超精细细节,写实的渲染风格,最佳质量,8K分辨率 ,画面有强烈的虚实变化,纵深感强,背景虚化,nd0.6,黑柔镜头4/1,人物比例正确,高清","[{""type"":""image"",""index"":0,""url"":""https://cos-aigc-default.agnes-ai.space/pixa/ugc_image/c4e2c744-2d36-4503-9579-e4087614e789/1786083329_a4e3723d.png"",""path"":""/kwkj-k8s/SQL/data/用户输入/有水印/图片/344008443107078144_0.png"",""request_url"":""https://cos-aigc-default.agnes-ai.space/pixa/ugc_image/c4e2c744-2d36-4503-9579-e4087614e789/1786083329_a4e3723d.png"",""manifest_entry"":true,""role"":""first_frame"",""exists"":true,""kind"":""image""}]",8,720P,16:9
cn300v2_3b00e53cf30a1359c0d04d27,i2v,12,"中景,固定镜头,星际高端生鲜超市,祁星沉[Reference Image 1]侧身站在食材货架,面部特写祁星沉按住语音按钮用光脑给宁音发语音消息,声音温柔:“雌主,我是祁星沉 ,您工作辛苦了!我今晚搬到您那里,您喜欢吃什么,我现在在超市。”写实的渲染风格,CG画风,电影级光影,自然光优先,真实阴影,环境光影响肤色,人物融合好,人物妆造稳定 人物造型稳定 人物造型稳定 背景虚焦 角色光影对比鲜明 ,电影级质感,超精细细节,写实的渲染风格,最佳质量,8K分辨率 ,画面有强烈的虚实变化,纵深感强,背景虚化,nd0.6,黑柔镜头4/1,人物比例正确,高清","[{""type"":""image"",""index"":0,""url"":""https://cos-aigc-default.agnes-ai.space/pixa/ugc_image/c4e2c744-2d36-4503-9579-e4087614e789/1786085792_87a1f79f.png"",""path"":""/kwkj-k8s/SQL/data/用户输入/有水印/图片/344014293645205504_0.png"",""request_url"":""https://cos-aigc-default.agnes-ai.space/pixa/ugc_image/c4e2c744-2d36-4503-9579-e4087614e789/1786085792_87a1f79f.png"",""manifest_entry"":true,""role"":""first_frame"",""exists"":true,""kind"":""image""}]",7,720P,16:9
cn300v2_788e082f2869d344780db6c8,i2v,12,"[Reference Image 1]切白发男子俯瞰自己影子的第一视角,圈出红框的影子伸出手从自己的腰部掏出一个形似墨镜影子戴到自己的脸上(过程中不出现实物,全程都是墨镜的影子,全程发生的事情都在影子的身上)","[{""type"":""image"",""index"":0,""url"":""https://cos-aigc-default.agnes-ai.space/pixa/ugc_image/edecb692-1207-4743-b899-de615f4d060c/1785832050_ca35b63d.png"",""path"":""/kwkj-k8s/SQL/data/用户输入/有水印/图片/342950275870412800_0.png"",""request_url"":""https://cos-aigc-default.agnes-ai.space/pixa/ugc_image/edecb692-1207-4743-b899-de615f4d060c/1785832050_ca35b63d.png"",""manifest_entry"":true,""role"":""first_frame"",""exists"":true,""kind"":""image""}]",5,720P,16:9
cn300v2_80fc1e90b3d3eb84e874b48c,i2v,12,"固定镜头,保持首帧为提供给你的参考图,然后女人低头亲吻孩子的额头,看着孩子温柔的笑了","[{""type"":""image"",""index"":0,""url"":""https://cos-aigc-default.agnes-ai.com/pixa/chat_attachment/735a165a-64e8-4b47-899d-cdf7a2451a78/1777454103_d4b0879e.jpg"",""path"":""/kwkj-k8s/SQL/data/用户输入/有水印/图片/307807948827103232_0.jpg"",""request_url"":""https://cos-aigc-default.agnes-ai.com/pixa/chat_attachment/735a165a-64e8-4b47-899d-cdf7a2451a78/1777454103_d4b0879e.jpg"",""manifest_entry"":true,""role"":""first_frame"",""exists"":true,""kind"":""image""}]",5,720P,9:16
cn300v2_9bc75bc402c8e65cc27d0829,i2v,12,"树懒[Reference Image 1]戴着头盔,骑着摩托冲出正在喷发的火山。熔岩快速的流淌,追在树懒身后,树懒带着疲惫的眼神,轻蔑的看向近在咫尺的熔岩,特写手抓着摩托车把手,一拧,全景:树懒骑着摩托车加速,很快就甩开熔岩爆发的速度。整体风格:高品质电影级 CG 动画,但不是纯卡通。动物毛发、衣料、玻璃、金属都偏写实,角色比例可以夸张,环境却保持真实可信。画面色彩鲜明但克制","[{""type"":""image"",""index"":0,""url"":""https://cos-aigc-default.agnes-ai.space/pixa/ugc_image/edecb692-1207-4743-b899-de615f4d060c/1786186401_c93cd2d4.png"",""path"":""/kwkj-k8s/SQL/data/用户输入/有水印/图片/344435053325295616_0.png"",""request_url"":""https://cos-aigc-default.agnes-ai.space/pixa/ugc_image/edecb692-1207-4743-b899-de615f4d060c/1786186401_c93cd2d4.png"",""manifest_entry"":true,""role"":""first_frame"",""exists"":true,""kind"":""image""}]",8,720P,16:9
cn300v2_ad589c68ec7a02bdce4dbef9,i2v,12,[Reference Image 1]看下参考图 做成视频 就是折线图从左增长到右边这个样子,"[{""type"":""image"",""index"":0,""url"":""https://cos-aigc-default.agnes-ai.space/pixa/ugc_image/6ed97beb-bfc6-485e-91f8-32b8379fd7c2/1785895359_c3b7ace9.png"",""path"":""/kwkj-k8s/SQL/data/用户输入/有水印/图片/343213296245383168_0.png"",""request_url"":""https://cos-aigc-default.agnes-ai.space/pixa/ugc_image/6ed97beb-bfc6-485e-91f8-32b8379fd7c2/1785895359_c3b7ace9.png"",""manifest_entry"":true,""role"":""first_frame"",""exists"":true,""kind"":""image""}]",4,720P,16:9
cn300v2_b5867a4c48af2c78c6f084ec,i2v,12,"未来星际七座智能飞车座舱,流线型科幻内饰,自动驾驶控制台,C 级管家机器人,赛博驾驶舱,通透全景车窗,窗外悬浮星际都市夜景后退,车内宁音[Reference Image 1],宁音指尖轻点,光脑界面切换特写,切换第三个聊天弹窗,陌寒的消息弹出屏幕,字体带着小心翼翼的拘谨感。陌寒:雌主,您好!我是陌寒,我住在富饶星3号,不能第一时间搬到雌主家,希望雌主不要介意。宁音挑眉近景,轻微抬镜,宁音侧脸特写,神态灵动疑惑,宁音(内心OS):啧,这小心翼翼的语气是咋回事?中景,固定镜头,正面平视,宁音指尖敲击光屏,语气温和包容,回复得体大方。宁音:“陌寒您好,我不会介意的,一路平安!”写实的渲染风格,CG画风,电影级光影,自然光优先,真实阴影,环境光影响肤色,人物融合好,人物妆造稳定 人物造型稳定 人物造型稳定 背景虚焦 角色光影对比鲜明 ,电影级质感,超精细细节,写实的渲染风格,最佳质量,8K分辨率 ,画面有强烈的虚实变化,纵深感强,背景虚化,nd0.6,黑柔镜头4/1,人物比例正确,高清","[{""type"":""image"",""index"":0,""url"":""https://cos-aigc-default.agnes-ai.space/pixa/ugc_image/c4e2c744-2d36-4503-9579-e4087614e789/1786269715_c6dbeb46.png"",""path"":""/kwkj-k8s/SQL/data/用户输入/有水印/图片/344790290799857664_0.png"",""request_url"":""https://cos-aigc-default.agnes-ai.space/pixa/ugc_image/c4e2c744-2d36-4503-9579-e4087614e789/1786269715_c6dbeb46.png"",""manifest_entry"":true,""role"":""first_frame"",""exists"":true,""kind"":""image""}]",8,720P,16:9
cn300v2_d9a7a7538ecebf4e9dda0c5b,i2v,12,"## 3. 小猫生病被照顾 Vlog **图生视频提示词:** 请根据参考图生成一支 8 秒竖版萌宠照顾 Vlog 视频,画面比例 9:16。 小奶猫裹着粉色小毯子坐在床上,额头贴着浅蓝色退热贴,两只圆爪捧着小杯子,面前放着一碗温热的小粥。 它看起来有一点点虚弱,但非常可爱,不要表现得痛苦。它先轻轻眨眼,低头喝一小口热饮,然后小鼻子动了动,打一个特别轻的小喷嚏。喷嚏后它抬头看镜头,眼睛水汪汪的,像在撒娇求照顾。 最后它双爪抱住杯子,小小地点一下头,露出被照顾到的安心表情。 镜头温柔缓慢,暖色灯光,背景虚化,重点表现小猫被呵护的软萌感。不要夸张生病,不要脏乱,整体要干净治愈。 **动作重点:** 捧杯子、喝一口、轻轻喷嚏、水汪汪看镜头。 **情绪:** 软软需要照顾,让人心疼但不压抑。 。","[{""type"":""image"",""index"":0,""url"":""https://cos-aigc-default.agnes-ai.com/pixa/chat_attachment/735a165a-64e8-4b47-899d-cdf7a2451a78/1780147121_e103eb2d.jpg"",""path"":""/kwkj-k8s/SQL/data/用户输入/有水印/图片/319103551079026688_0.jpg"",""request_url"":""https://cos-aigc-default.agnes-ai.com/pixa/chat_attachment/735a165a-64e8-4b47-899d-cdf7a2451a78/1780147121_e103eb2d.jpg"",""manifest_entry"":true,""role"":""first_frame"",""exists"":true,""kind"":""image""}]",10,720P,9:16
cn300v2_f6b7f93459e8efb3fa6a4a78,i2v,12,"近景,未来星际七座智能飞车座舱,流线型科幻内饰,自动驾驶控制台,C 级管家机器人,赛博驾驶舱,通透全景车窗,窗外悬浮星际都市夜景,星际悬浮私家车内部,宁音[Reference Image 1]垂眸无奈苦笑,抬手触碰光脑同意好友申请。光脑屏幕特写,好友列表界面,宁音点击确认,批准四位兽人的好友申请:陆司晏、祁星沉、陌寒、落尘。写实的渲染风格,CG画风,电影级光影,自然光优先,真实阴影,环境光影响肤色,人物融合好,人物妆造稳定 人物造型稳定 人物造型稳定 背景虚焦 角色光影对比鲜明 ,电影级质感,超精细细节,写实的渲染风格,最佳质量,8K分辨率 ,画面有强烈的虚实变化,纵深感强,背景虚化,nd0.6,黑柔镜头4/1,人物比例正确,高清","[{""type"":""image"",""index"":0,""url"":""https://cos-aigc-default.agnes-ai.space/pixa/ugc_image/c4e2c744-2d36-4503-9579-e4087614e789/1786073702_3f48439d.png"",""path"":""/kwkj-k8s/SQL/data/用户输入/有水印/图片/343961923984887808_0.png"",""request_url"":""https://cos-aigc-default.agnes-ai.space/pixa/ugc_image/c4e2c744-2d36-4503-9579-e4087614e789/1786073702_3f48439d.png"",""manifest_entry"":true,""role"":""first_frame"",""exists"":true,""kind"":""image""}]",8,720P,16:9
cn300v2_7da0424e91fd037b739c20f8,i2v,13,"白衣白蛇立于澄澈海面,下半截透明蛇尾浸泡在海水里,海浪轻轻拍打纱裙,绵长黑发与薄纱被海风大幅度吹动飞舞,海面阳光折射成片细碎波光光斑,镜头缓慢向前推进,海面泛起层层水雾,整体清冷通透的海雾色调,空灵仙气拉满,动态丝滑治愈,唯美梦幻","[{""type"":""image"",""index"":0,""url"":""https://cos-aigc-default.agnes-ai.com/pixa/ugc_image/ea684aa4-6fa8-42a5-b38b-61d6353feaec/1785130173_f0cdd0f1.png"",""path"":""/kwkj-k8s/SQL/data/用户输入/有水印/图片/340003728757305344_0.png"",""request_url"":""https://cos-aigc-default.agnes-ai.com/pixa/ugc_image/ea684aa4-6fa8-42a5-b38b-61d6353feaec/1785130173_f0cdd0f1.png"",""manifest_entry"":true,""role"":""first_frame"",""exists"":true,""kind"":""image""}]",5,720P,9:16
cn300v2_9b79e37aa1b23e6c080739a8,i2v,13,"夏日午后,杭州西湖湖畔,天朗气清,惠风和畅;远处黛青色山峦层叠起伏,倒映在碧蓝澄澈的湖水中,近处湖面大片墨绿色荷叶铺展开来,粉红色的荷花亭亭玉立、随风轻轻摇曳;湖边木质栈道旁的翠绿草地上铺着一张浅灰色瑜伽垫,一位身材纤细、面容清丽的中国年轻女子,身着轻盈的月白色棉麻宽松瑜伽服,赤足站立在垫上,正悠闲而优雅地完成""树式""瑜伽动作——右脚掌轻贴左大腿内侧,双手于胸前合十后缓缓举过头顶、掌心相对,她双眸轻闭,嘴角带着安然浅笑,神情静谧恬淡,呼吸均匀而深沉;和煦的微风吹拂着她乌黑的长发和宽松的衣角,发丝与衣料轻柔飘动,阳光穿过层层荷叶的缝隙洒下斑驳摇曳的光斑,光斑在女子的皮肤、瑜伽垫和荷花花瓣上缓缓流动、忽明忽暗;湖面水光潋滟,荷叶与荷花随微风微微颔首,一只蜻蜓轻轻掠过荷塘又悄然离去;镜头以极慢的速度平滑横移并轻微环绕人物,浅景深将背景虚化成柔和的青绿色与金色光斑,整个画面流淌着东方诗意与慢生活的呼吸感,电影级写实摄影风格,自然柔光,4k超高清,氛围宁静致远、空灵脱俗,色调统一为青绿与月白交织的温润质感。","[{""type"":""image"",""index"":0,""url"":""https://cos-aigc-default.agnes-ai.com/pixa/chat_attachment/dbac4f72-0534-4307-bcfb-1216bf96efec/1782196766_99855f14.jpg"",""path"":""/kwkj-k8s/SQL/data/用户输入/有水印/图片/327700127842553856_0.jpg"",""request_url"":""https://cos-aigc-default.agnes-ai.com/pixa/chat_attachment/dbac4f72-0534-4307-bcfb-1216bf96efec/1782196766_99855f14.jpg"",""manifest_entry"":true,""role"":""first_frame"",""exists"":true,""kind"":""image""}]",10,720P,9:16
cn300v2_a295d349c21b333376ba059e,i2v,13,"电影级动态镜头,低机位POV跟拍飞行,镜头带轻微呼吸感晃动与跟焦波动,营造强烈临场 速度感与紧张感。白衣女子施展轻功,飞舞穿梭,侧身飞行,来回侧身穿梭,身姿轻盈如燕, 动作带急促的节奏起伏,时而俯冲、时而侧身闪避。她一身广袖白纱长袍,衣袂与长发在狂风中狂舞翻飞,发间红绸与拖尾带强烈的动 态运动模糊,身后拖曳出淡淡的气流轨迹,衣角因急促动作时而紧绷、时而翻飞。金 色朝阳穿透厚重云层,形成耶稣光,光线在流动的雾气中不断闪烁、折射,明暗光影随 速度与动作节奏在她身上快速扫过,仙气缭绕却带着一丝慌乱。镜头穿过层层云烟与松 枝,穿过仙庭,前景景物快速虚化,营造出极致的“亡命奔逃”时空穿梭感。整体色调清冷通透, 带有东方仙侠的水墨朦胧感,画面锐利,细节丰富,动态丝滑无卡顿","[{""type"":""image"",""index"":0,""url"":""https://cos-aigc-default.agnes-ai.com/pixa/chat_attachment/735a165a-64e8-4b47-899d-cdf7a2451a78/1779934953_4385fd82.jpg"",""path"":""/kwkj-k8s/SQL/data/用户输入/有水印/图片/318221779235627008_0.jpg"",""request_url"":""https://cos-aigc-default.agnes-ai.com/pixa/chat_attachment/735a165a-64e8-4b47-899d-cdf7a2451a78/1779934953_4385fd82.jpg"",""manifest_entry"":true,""role"":""first_frame"",""exists"":true,""kind"":""image""}]",10,720P,16:9
cn300v2_acd9b9a2a47ae7744781312b,i2v,13,"宋韵工笔写实风格,仿宋代院体画绢本质感。嫩翠绿加石绿色调,雾色灰白,含蓄待放。 镜头继续缓慢推进,焦点锁定在池塘水面探出的一茎卷合嫩荷尖角上。忽然,一只薄翼琥珀色蜻蜓轻盈落在荷尖,双翅薄如蝉翼在逆光下闪烁淡金色微光,长腹微微上翘。此刻画面定格静止,背景大光圈虚化为柔和碧色晕影,荷尖与蜻蜓锐利如刻。画面定格2秒后缓缓收暗,归于墨色。 无人物,极致东方美学,余韵悠长。背景音乐:古琴按音渐开叠加蜻蜓振翅微鸣,末镜以泛音消散收尾。","[{""type"":""image"",""index"":0,""url"":""https://cos-aigc-default.agnes-ai.com/agnes/chat_attachment/0b64cd28-2ce8-4301-8a8a-5461f0eea5b6/1781689688_41b47c82.png"",""path"":""/kwkj-k8s/SQL/data/用户输入/有水印/图片/325572748235857920_0.png"",""request_url"":""https://cos-aigc-default.agnes-ai.com/agnes/chat_attachment/0b64cd28-2ce8-4301-8a8a-5461f0eea5b6/1781689688_41b47c82.png"",""manifest_entry"":true,""role"":""first_frame"",""exists"":true,""kind"":""image""}]",10,720P,16:9
cn300v2_fe44e6cede57ab568a9d784f,i2v,13,"提示词: 沉浸式的手持街头跟拍镜头,伴随自然的呼吸感。女孩站在夜晚的城市街头,微微侧身回头看向镜头,眼神略带迷茫。一阵强烈的夜风迎面吹来,女孩蓬松的刘海和长发在风中肆意飞舞,白衬衫的领口和衣摆随之飘动。她背包里的小猫微微探出头,眼神灵活。画面的前景和背景中,流动的红、绿、蓝、白彩色霓虹光轨,像赛博朋克世界中穿梭的光线一样持续流淌、闪烁与交织,在城市湿漉漉的地面上形成绚丽的倒影。城市街头电影感,胶片质感,夜景氛围浓厚,绝无廉价的画面僵硬拉伸或光轨扭曲特效。","[{""type"":""image"",""index"":0,""url"":""https://cos-aigc-default.agnes-ai.com/pixa/ugc_image/26b48eb2-5d61-4d51-9486-b7b8dba12632/1785069630_9bcb8314.png"",""path"":""/kwkj-k8s/SQL/data/用户输入/有水印/图片/339749895579676672_0.png"",""request_url"":""https://cos-aigc-default.agnes-ai.com/pixa/ugc_image/26b48eb2-5d61-4d51-9486-b7b8dba12632/1785069630_9bcb8314.png"",""manifest_entry"":true,""role"":""first_frame"",""exists"":true,""kind"":""image""}]",10,720P,9:16
cn300v2_005658daee4d47c97afab1e1,i2v,14,"围绕角色的旋转镜头。360° 环绕轨道运动:不只是相机在转,背景和人物也要联动。从左像右旋转,从角色后面旋转到火车外(旋转180度)透过玻璃,角色已经变成小女孩(场景不变,场景椅子不变,衣服不变,动作不变,只变样貌)趴在窗户边,眼神惆怅(真实人物皮肤,真实布料,真实椅子,真实场景)。镜头在窗户外拉高拉远,火车渐渐远行","[{""type"":""image"",""index"":0,""url"":""https://cos-aigc-default.agnes-ai.com/pixa/ugc_image/363451e4-2f81-4ab5-af96-ee8ac4bb951d/1780989767_43833420.png"",""path"":""/kwkj-k8s/SQL/data/用户输入/有水印/图片/322654587312234496_0.png"",""request_url"":""https://cos-aigc-default.agnes-ai.com/pixa/ugc_image/363451e4-2f81-4ab5-af96-ee8ac4bb951d/1780989767_43833420.png"",""manifest_entry"":true,""role"":""first_frame"",""exists"":true,""kind"":""image""}]",7,720P,9:16
cn300v2_21a42b9be008c9aa77605e1e,i2v,14,"男子晃了晃头,头发发型变成彩色脏辫,又晃了晃头发型变成黑色短发卷发,男子朝镜头wink 一下,发型又变成银色短发","[{""type"":""image"",""index"":0,""url"":""https://cos-aigc-default.agnes-ai.com/pixa/chat_attachment/735a165a-64e8-4b47-899d-cdf7a2451a78/1777529549_3e6d6175.jpg"",""path"":""/kwkj-k8s/SQL/data/用户输入/有水印/图片/308124708537106432_0.jpg"",""request_url"":""https://cos-aigc-default.agnes-ai.com/pixa/chat_attachment/735a165a-64e8-4b47-899d-cdf7a2451a78/1777529549_3e6d6175.jpg"",""manifest_entry"":true,""role"":""first_frame"",""exists"":true,""kind"":""image""}]",6,720P,9:16
cn300v2_4355bc767b91cd125b893fce,i2v,14,"围绕角色的旋转镜头。从左像右旋转,从角色后面旋转镜头到火车外的玻璃的时候,角色变成小女孩(场景不变,衣服不变,动作不变,只变样貌),旁边还有父母絮絮叨叨跟女生说话,给女生喂吃喝。镜头在窗户外拉远,火车渐渐远行","[{""type"":""image"",""index"":0,""url"":""https://cos-aigc-default.agnes-ai.com/pixa/ugc_image/363451e4-2f81-4ab5-af96-ee8ac4bb951d/1780989767_43833420.png"",""path"":""/kwkj-k8s/SQL/data/用户输入/有水印/图片/322644689253806080_0.png"",""request_url"":""https://cos-aigc-default.agnes-ai.com/pixa/ugc_image/363451e4-2f81-4ab5-af96-ee8ac4bb951d/1780989767_43833420.png"",""manifest_entry"":true,""role"":""first_frame"",""exists"":true,""kind"":""image""}]",10,720P,9:16
cn300v2_86a258fd7f7e82016ccba9db,i2v,14,"一镜到底稳定镜头,镜头轻微推进。游乐场魔幻版的快速完全变成一个水晶质感的泰迪熊,泰迪熊站起来露出锋利的牙齿。主体快速回头看了一眼泰迪熊,然后迅速向镜头逃跑。边跑边说一句:“Oh No”。","[{""type"":""image"",""index"":0,""url"":""https://cos-aigc-default.agnes-ai.com/m15-watermarks/water-641ac21a4b19c06631a483bf3cad4284-0-922d1e0626c4.jpg"",""path"":""/kwkj-k8s/SQL/data/用户输入/有水印/图片/307473752984186880_0.jpg"",""request_url"":""https://cos-aigc-default.agnes-ai.com/m15-watermarks/water-641ac21a4b19c06631a483bf3cad4284-0-922d1e0626c4.jpg"",""manifest_entry"":true,""role"":""first_frame"",""exists"":true,""kind"":""image""}]",4,720P,9:16
cn300v2_8a1c8ca01ac86b37c1ff1655,i2v,14,"丢出双鱼座魔法球(魔法球里出现双鱼座的标志),变身双鱼座战士,战士铠甲(铠甲蓝搭配黑)从脚华丽变身到身体(保持原图人物不变,周身漂浮水泡),身后出现大双鱼座,人物说不管这个世界变成怎样,我对爱的专一永远也不会变。","[{""type"":""image"",""index"":0,""url"":""https://cos-aigc-default.agnes-ai.com/pixa/chat_attachment/a650f93a-de62-4924-9ff7-2a2fddc82d63/1778106038_e926d670.jpg"",""path"":""/kwkj-k8s/SQL/data/用户输入/有水印/图片/310542466575134720_0.jpg"",""request_url"":""https://cos-aigc-default.agnes-ai.com/pixa/chat_attachment/a650f93a-de62-4924-9ff7-2a2fddc82d63/1778106038_e926d670.jpg"",""manifest_entry"":true,""role"":""first_frame"",""exists"":true,""kind"":""image""}]",10,720P,9:16
cn300v2_9af2ee463aa02434cbf4fb6e,i2v,14,"熬夜玩手机后,因为没完成任务,第二天很痛苦,疯狂内疚。右上角的歌词会抖落变成雨滴下落就好。严禁唱歌。","[{""type"":""image"",""index"":0,""url"":""https://cos-aigc-default.agnes-ai.space/pixa/ugc_image/f867a5f8-ee79-4737-93c2-941e1ec260e9/1786279007_af4af8de.jpg"",""path"":""/kwkj-k8s/SQL/data/用户输入/有水印/图片/344821908681854976_0.jpg"",""request_url"":""https://cos-aigc-default.agnes-ai.space/pixa/ugc_image/f867a5f8-ee79-4737-93c2-941e1ec260e9/1786279007_af4af8de.jpg"",""manifest_entry"":true,""role"":""first_frame"",""exists"":true,""kind"":""image""}]",5,720P,16:9
cn300v2_a182e5df137e8a9b8e897dbc,i2v,14,"修复并为这张黑白老照片上色,用前后对比转场,从之前的黑白照片过渡到彩色照片,去除破损、划痕和噪点,补全缺失背景,还原真实自然的色彩,整体色调低饱和,高质感,不改变人物神态和动作,提升画面清晰度,8k画质,固定镜头,然后彩色照片动起来,每个人都笑的很开心,后面的父母相视一笑,前面的爷爷奶奶和孙子也开心笑起来","[{""type"":""image"",""index"":0,""url"":""https://cos-aigc-default.agnes-ai.com/pixa/chat_attachment/735a165a-64e8-4b47-899d-cdf7a2451a78/1777538482_8131b3b4.jpg"",""path"":""/kwkj-k8s/SQL/data/用户输入/有水印/图片/308161886944231424_0.jpg"",""request_url"":""https://cos-aigc-default.agnes-ai.com/pixa/chat_attachment/735a165a-64e8-4b47-899d-cdf7a2451a78/1777538482_8131b3b4.jpg"",""manifest_entry"":true,""role"":""first_frame"",""exists"":true,""kind"":""image""}]",10,720P,16:9
cn300v2_f7f25619bf68c6214c118220,i2v,14,"画面: 井水像镜子一样变深,周围环境开始消失,石井边缘扩展成一个巨大的圆形记忆入口。人物坐在边缘,水中不再只是倒影,而是云海、月亮、前世战场的模糊影子。 镜头: 从井边缓慢拉远,空间变大,人物变小,井水像一面通往天上的镜子。 动作: 水面倒映出云层翻涌,月亮变成巨大光源。人物依然不动,像被前世拉住。 声音: 低频鼓声更明显,远处传来古老梵音。","[{""type"":""image"",""index"":0,""url"":""https://cos-aigc-default.agnes-ai.com/pixa/chat_attachment/735a165a-64e8-4b47-899d-cdf7a2451a78/1779765918_75b597b8.jpg"",""path"":""/kwkj-k8s/SQL/data/用户输入/有水印/图片/317504547119468544_0.jpg"",""request_url"":""https://cos-aigc-default.agnes-ai.com/pixa/chat_attachment/735a165a-64e8-4b47-899d-cdf7a2451a78/1779765918_75b597b8.jpg"",""manifest_entry"":true,""role"":""first_frame"",""exists"":true,""kind"":""image""}]",12,720P,16:9
cn300v2_04c07fc2319035772f18a253,i2v,15,"极速俯冲镜头。从万米高空积雨云层垂直向下加速推进,镜头冲破乌云直抵东海花果山山顶。峰顶巨型仙石表面蔓延开蛛网般细密的裂缝,缝隙中暖金色强光如生物脉搏般规律跳动。山体微微震颤,天空乌云快速向山巅汇聚。石缝金光随脉搏节奏明暗起伏。高空呼啸风声与山体低沉闷响、雷声由远及近,由弱渐强。无背景音乐,无字幕。画面冷暗,仅石缝透出暖金色强光。落幅至碎石崩裂,仙石中孕育的石猴在强光与风雷中猛烈怒吼。","[{""type"":""image"",""index"":0,""url"":""https://cos-aigc-default.agnes-ai.com/agnes/chat_attachment/95dcaf9b-5d6b-430f-aba1-d5745087fbbc/1782807867_57b8f93a.jpg"",""path"":""/kwkj-k8s/SQL/data/用户输入/有水印/图片/330262638315970560_0.jpg"",""request_url"":""https://cos-aigc-default.agnes-ai.com/agnes/chat_attachment/95dcaf9b-5d6b-430f-aba1-d5745087fbbc/1782807867_57b8f93a.jpg"",""manifest_entry"":true,""role"":""first_frame"",""exists"":true,""kind"":""image""}]",5,720P,16:9
cn300v2_b54bcea1198583c0ffab2cdb,i2v,15,"请生成一段非洲传统风格的视频,背景音乐:非洲原始野性鼓乐,以金贝鼓(Djembe)和达姆达姆鼓(Dunun)为主奏,密集有力的鼓点,节奏强烈奔放","[{""type"":""image"",""index"":0,""url"":""https://cos-aigc-default.agnes-ai.com/2/ugc_image/363451e4-2f81-4ab5-af96-ee8ac4bb951d/1778658518_1feb7884.png"",""path"":""/kwkj-k8s/SQL/data/用户输入/有水印/图片/313128683930087424_0.png"",""request_url"":""https://cos-aigc-default.agnes-ai.com/2/ugc_image/363451e4-2f81-4ab5-af96-ee8ac4bb951d/1778658518_1feb7884.png"",""manifest_entry"":true,""role"":""first_frame"",""exists"":true,""kind"":""image""}]",6,720P,9:16
cn300v2_dd1ce497754a8aa5333411ba,i2v,15,"画面: 九千岁紫衣服,立于龙椅侧前方,身姿挺拔不动,衣袍微垂。 眼神从群臣扫过,最后精准锁定武将队列中的大将军。 氛围: 空气瞬间压低,殿内灯火轻晃。 音效: 轻微殿内回声 + 衣袖轻响 台词(冷静、干脆): 九千岁(平静): “你去吧。”","[{""type"":""image"",""index"":0,""url"":""https://cos-aigc-default.agnes-ai.com/pixa/ugc_image/f3470a8f-b1b2-4c27-a511-e9ff2c82d710/1782109248_2aa96fb1.png"",""path"":""/kwkj-k8s/SQL/data/用户输入/有水印/图片/327333382200025088_0.png"",""request_url"":""https://cos-aigc-default.agnes-ai.com/pixa/ugc_image/f3470a8f-b1b2-4c27-a511-e9ff2c82d710/1782109248_2aa96fb1.png"",""manifest_entry"":true,""role"":""first_frame"",""exists"":true,""kind"":""image""}]",8,720P,16:9
cn300v2_e65896fc7fcf679f9f44205a,i2v,15,"请生成一段印度风格的视频,背景音乐也是强印度风格,欢快活泼,有节奏","[{""type"":""image"",""index"":0,""url"":""https://cos-aigc-default.agnes-ai.com/2/ugc_image/363451e4-2f81-4ab5-af96-ee8ac4bb951d/1778658518_1feb7884.png"",""path"":""/kwkj-k8s/SQL/data/用户输入/有水印/图片/312859723607273472_0.png"",""request_url"":""https://cos-aigc-default.agnes-ai.com/2/ugc_image/363451e4-2f81-4ab5-af96-ee8ac4bb951d/1778658518_1feb7884.png"",""manifest_entry"":true,""role"":""first_frame"",""exists"":true,""kind"":""image""}]",6,720P,9:16
cn300v2_f85ffb2b4862b1696b095f76,i2v,15,"请生成一段日本传统风格的视频,背景音乐:纯日式,日式空灵禅意风,以日本筝(koto)为主奏,搭配轻柔尺八和木鱼敲击","[{""type"":""image"",""index"":0,""url"":""https://cos-aigc-default.agnes-ai.com/2/ugc_image/363451e4-2f81-4ab5-af96-ee8ac4bb951d/1778658518_1feb7884.png"",""path"":""/kwkj-k8s/SQL/data/用户输入/有水印/图片/312873164636078080_0.png"",""request_url"":""https://cos-aigc-default.agnes-ai.com/2/ugc_image/363451e4-2f81-4ab5-af96-ee8ac4bb951d/1778658518_1feb7884.png"",""manifest_entry"":true,""role"":""first_frame"",""exists"":true,""kind"":""image""}]",6,720P,9:16
cn300v2_3135d216f7b4c2665acc7f48,i2v,16,"微暗的中式客厅里,一名六十岁东亚男性端坐在深棕色皮质单人扶手椅上,身穿深靛蓝色亚麻立领唐装。他的身体保持不动,双手不入画,目光落在画面右前方稍下方的位置,看向对面的年轻人。他说中文普通话:""好高骛远,是年轻人的通病。""——男声,六十岁,中低音区,音质偏干带沙,语调低沉,语速平缓自然,句尾下沉,音量不大,声音收着不外送,语气平稳而不留情面,不是朗读,不是播音,没有舞台腔,口型与台词精确同步。说话时他的神情冷峻,没有笑容。说完之后他不再说话,嘴唇闭合,目光停留不动。固定机位,摄影机完全不动,画面没有推拉摇移,没有变焦。背景是虚化模糊的客厅墙面,墙面是素色的,没有木格窗棂,没有挂画。声音:室内环境安静,只有一层微弱到几乎听不见的底噪,没有空调声,没有交通声,没有嗡鸣声。这个镜头里只有这一个人说话,没有第二个人的声音,没有旁白,没有背景音乐。画面干净,没有字幕,没有文字。","[{""type"":""image"",""index"":0,""url"":""https://cos-aigc-default.agnes-ai.space/pixa/ugc_image/e1f9bf0b-64ef-4b60-a4fa-358b7867ce23/1786578417_aec55611.jpg"",""path"":""/kwkj-k8s/SQL/data/用户输入/有水印/图片/346077704873099264_0.jpg"",""request_url"":""https://cos-aigc-default.agnes-ai.space/pixa/ugc_image/e1f9bf0b-64ef-4b60-a4fa-358b7867ce23/1786578417_aec55611.jpg"",""manifest_entry"":true,""role"":""first_frame"",""exists"":true,""kind"":""image""}]",4,720P,16:9
cn300v2_4c91c3567b0378da134dcf82,i2v,16,"中景固定镜头,宋韵工笔写实风格。画面延续图中父女在木门前挂桃符的场景,父亲身着宋代交领长袍,面容清秀,动作认真舒缓,微微弯腰将手中桃符对齐;小女孩扎着双髻,踮起脚尖,伸出小手扶住桃符下角,神态灵动。两人共同调整桃符位置,背景中木质建筑纹理细腻,光影柔和。伴随清脆欢快的童声语速略快地说:“爹,歪了!往左边一点!”,音画同步。","[{""type"":""image"",""index"":0,""url"":""https://storage.googleapis.com/agnes-default/user_0b64cd28-2ce8-4301-8a8a-5461f0eea5b6/20260609/5ad10f4f-5054-4632-b595-c7a587294b59.png"",""path"":""/kwkj-k8s/SQL/data/用户输入/有水印/图片/322652430836166656_0.png"",""request_url"":""https://storage.googleapis.com/agnes-default/user_0b64cd28-2ce8-4301-8a8a-5461f0eea5b6/20260609/5ad10f4f-5054-4632-b595-c7a587294b59.png"",""manifest_entry"":true,""role"":""first_frame"",""exists"":true,""kind"":""image""}]",5,720P,9:16
cn300v2_9df8248dc08feee6d45b25f7,i2v,16,"双人同框中景。六十岁男性端坐在画面左侧的单人扶手椅上,全程保持不动,不说话,嘴唇闭合,眼皮低垂。画面右侧的二十八岁男性站在双人沙发前,双手无力地摊开又落下,肩膀微塌。他说中文普通话:""求他们放过我,去跟大厂竞争。他们简直不要脸!""——男声,二十八岁,中高音区,音色偏亮偏薄,带明显气声和轻微沙哑,声音发飘不沉,口型与台词精确同步。节奏:前半句""求他们放过我,去跟大厂竞争""语速放慢,音量降低,语气难堪;停顿一拍;后半句""他们简直不要脸!""情绪突然爆发,语速加快,音量陡然加大,句尾短促收住。说完后他不再说话,在剩余的三秒里保持沉默,只有粗重的喘息声,嘴唇紧闭不再开合,眼神死死盯着画面左方。固定机位,镜头完全不动。室内环境音:低频空调运转的持续嗡鸣,隔窗传来极远处城市交通的闷响。","[{""type"":""image"",""index"":0,""url"":""https://cos-aigc-default.agnes-ai.space/pixa/ugc_image/e1f9bf0b-64ef-4b60-a4fa-358b7867ce23/1786525028_31252e80.jpg"",""path"":""/kwkj-k8s/SQL/data/用户输入/有水印/图片/345853971394715648_0.jpg"",""request_url"":""https://cos-aigc-default.agnes-ai.space/pixa/ugc_image/e1f9bf0b-64ef-4b60-a4fa-358b7867ce23/1786525028_31252e80.jpg"",""manifest_entry"":true,""role"":""first_frame"",""exists"":true,""kind"":""image""}]",7,720P,16:9
cn300v2_b295dbc9813cc25ea850b123,i2v,16,"画面中的二十八岁男性站在深棕色皮质双人沙发前,全程保持站立,双腿站直,膝盖不弯曲,肩膀始终高于身后沙发的靠背。他右手抬起在胸前虚握挥动一次,随后落下。他说中文普通话:""我不明白!我把核心技术发在行业群里,是为了吸引那五百万的大投资!""——男声,二十八岁,中高音区,音色偏亮偏薄,带明显气声和轻微沙哑,语速偏快,句尾上扬,声音发飘不沉,情绪愤懑激动,口型与台词精确同步。节奏:开头""我不明白!""四个字急促冲出,音量陡起;随后短暂换气;""我把核心技术发在行业群里""语速稍缓;""是为了吸引那五百万的大投资""重新加速,说到""五百万""时音量加大,句尾短促收住。他眉头深锁,眼眶发红,下颌绷紧,颈部肌肉紧绷。固定机位,镜头完全不动,无任何镜头运动。","[{""type"":""image"",""index"":0,""url"":""https://cos-aigc-default.agnes-ai.space/pixa/ugc_image/e1f9bf0b-64ef-4b60-a4fa-358b7867ce23/1786523002_177dfbc4.png"",""path"":""/kwkj-k8s/SQL/data/用户输入/有水印/图片/345846682147512320_0.png"",""request_url"":""https://cos-aigc-default.agnes-ai.space/pixa/ugc_image/e1f9bf0b-64ef-4b60-a4fa-358b7867ce23/1786523002_177dfbc4.png"",""manifest_entry"":true,""role"":""first_frame"",""exists"":true,""kind"":""image""}]",7,720P,16:9
cn300v2_f206abe7475eb466d56e5c70,i2v,16,"超真实写实电影风格,8K超清分辨率,电影级暖调光影。近景镜头,固定运镜,相机无任何移动。画面中:一位身穿蓝色盘扣衬衫的童年男孩,站在一张木桌前,桌上有打开的木质盒子,盒内装满白色贝壳。男孩微微仰起脸,眼睛亮晶晶的,充满急切与好奇,伸出小手去触碰盒中的白贝壳,动作天真自然,无夸张表演。场景为复古室内,左侧有大窗户透入自然暖光,背景有落地钟和堆叠的木箱。角色身份、服装、光影、场景与首帧锚点完全一致。人物台词与口型完全音画同步:童年主角用稚嫩天真的声音说:「传承?那是宝藏吗?有没有寻宝地图呀?我去找!」语气好奇、兴奋、急切。无环境音,无背景音乐,仅保留清晰的人物台词人声。","[{""type"":""image"",""index"":0,""url"":""https://cos-aigc-default.agnes-ai.space/i11-watermarks/water-AIGC345002156654653440-0-2bf0dcec9bff.jpg"",""path"":""/kwkj-k8s/SQL/data/用户输入/有水印/图片/345002803105996800_0.jpg"",""request_url"":""https://cos-aigc-default.agnes-ai.space/i11-watermarks/water-AIGC345002156654653440-0-2bf0dcec9bff.jpg"",""manifest_entry"":true,""role"":""first_frame"",""exists"":true,""kind"":""image""}]",5,720P,16:9
cn300v2_f620cf7d7caf69ad8efb9d32,i2v,16,"微暗的中式客厅里,一名二十八岁东亚男性瘫坐在深棕色皮质双人沙发上,背脊靠着沙发靠背,双手垂在身体两侧,头向后仰,身体保持不动,不起身,不坐直。他说中文普通话:""大机会,我连等都不该等?""——男声,二十八岁,中高音区,音色偏亮偏薄,带明显气声,语速缓慢,音量很低,声音发飘不沉,尾音上扬带着疑问,语气是自言自语式的迷茫,不是质问,不是愤怒,不是朗读,不是播音,口型与台词精确同步。说话时他的眼神空洞失焦,看着天花板的方向,没有看向长者。说完之后他不再说话,嘴唇闭合,保持这个姿势不动。固定机位,摄影机完全不动,画面没有推拉摇移,没有变焦。背景是虚化模糊的客厅环境,可以看见他身后的双人沙发。声音:室内环境安静,只有一层微弱到几乎听不见的底噪,没有空调声,没有交通声,没有嗡鸣声。这个镜头里只有这一个人说话,没有第二个人的声音,没有旁白,没有背景音乐。画面干净,没有字幕,没有文字。","[{""type"":""image"",""index"":0,""url"":""https://cos-aigc-default.agnes-ai.space/pixa/ugc_image/e1f9bf0b-64ef-4b60-a4fa-358b7867ce23/1786582810_dbb761c8.jpg"",""path"":""/kwkj-k8s/SQL/data/用户输入/有水印/图片/346097246357676032_0.jpg"",""request_url"":""https://cos-aigc-default.agnes-ai.space/pixa/ugc_image/e1f9bf0b-64ef-4b60-a4fa-358b7867ce23/1786582810_dbb761c8.jpg"",""manifest_entry"":true,""role"":""first_frame"",""exists"":true,""kind"":""image""}]",5,720P,16:9
cn300v2_09523556e947700bfb0bd43e,i2v,17,"艺术家Kim Jung Gi设计风格,色彩鲜艳,宫崎骏配色,极繁主义,治愈系,温馨氛围,不对称构图,细节完美,杰作。超高清分辨率,最佳品质,笔触清晰,高饱和度,光影对比,电影质感。32k超高清细致修复。 夏日,描绘了一个从室内望出去看到的美丽景象。画面左侧和右侧是白色的棉麻窗帘,很飘逸,它们被风吹起,露出木头门外的景色。门向外打开,门外是一个阳光明媚的花园,视野开阔,鲜花盛开,充满生机。有纵深感。生视频:完整保留参考图构图与所有画面元素,吉卜力水彩手绘动画风格,固定平视机位,无镜头运动。白色纱质窗帘被微风持续轻柔吹动,布料自然飘逸起伏,褶皱舒展柔和;阳光透过窗帘在木地板上投下缓缓晃动的暖调光影,光斑缓慢平移。门外夏日花园的花草随风轻轻摇曳,花瓣与叶片小幅柔和摆动,充满生机。整体节奏松弛治愈,画面平稳流畅,柔和午后自然光,色彩清新通透,手绘质感细腻,4K 高清,24fps,画面无闪烁、无变形、无穿模","[{""type"":""image"",""index"":0,""url"":""https://cos-aigc-default.agnes-ai.com/pixa/ugc_image/363451e4-2f81-4ab5-af96-ee8ac4bb951d/1782199786_bf1b0ac5.jpg"",""path"":""/kwkj-k8s/SQL/data/用户输入/有水印/图片/327716798870876160_0.jpg"",""request_url"":""https://cos-aigc-default.agnes-ai.com/pixa/ugc_image/363451e4-2f81-4ab5-af96-ee8ac4bb951d/1782199786_bf1b0ac5.jpg"",""manifest_entry"":true,""role"":""first_frame"",""exists"":true,""kind"":""image""}]",8,720P,3:4
cn300v2_2089cd516d9620f0caa8d77a,i2v,17,"全程仅开场镜头先微微向前推进一格,随后全程固定静止。图片1中的女生屏幕中人像纵身跳出,起跳时产生圆形水波纹向四周扩散,人物在空中短暂停滞,之后双脚落在键盘上,身形比例与原图完全一致、全身实体化。女生落地后左右张望,神色茫然;人物跳出的瞬间,屏幕内原照片区域变为纯白色,纯白画面慢慢旋转变为黑色漩涡,屏幕其他区域无变化。女生转头望见漩涡,面露惊恐,抬腿朝镜头跑出一步。黑色精密机械手臂从漩涡中伸出抓住女生,女生抬手踢腿拼命挣扎,最终被机械臂拖拽回显示屏内,画面恢复为最初的静态人像。无比例失调、无穿模、无半透明效果。","[{""type"":""image"",""index"":0,""url"":""https://cos-aigc-default.agnes-ai.com/pixa/ugc_image/363451e4-2f81-4ab5-af96-ee8ac4bb951d/1780989215_295ca008.png"",""path"":""/kwkj-k8s/SQL/data/用户输入/有水印/图片/322635864446988288_0.png"",""request_url"":""https://cos-aigc-default.agnes-ai.com/pixa/ugc_image/363451e4-2f81-4ab5-af96-ee8ac4bb951d/1780989215_295ca008.png"",""manifest_entry"":true,""role"":""first_frame"",""exists"":true,""kind"":""image""}]",10,720P,9:16
cn300v2_406c44fa2241e4e6c18f67ed,i2v,17,"主体身体表面的火焰开始由微弱燃烧逐渐增强,火焰高度升高、翻滚更加剧烈; 火焰沿着肩膀、手臂、头部向后拖曳,形成动态火焰尾流;主体身体慢慢变成穿着衣服的白骷髅(脸部、手、手指、完全变成骷髅)。 火焰亮度变化真实,与环境产生强烈光影互动。 摩托车轮胎与地面接触时: 后轮胎高速旋转不断喷出燃烧火焰与火星,地面留下短暂燃烧痕迹; 空气中烟雾翻滚,火焰受气流影响自然摆动。 最终定格阶段(结尾): 火焰完全包围主体身体并持续律动,形成稳定而高能的燃烧状态; 此时主体已完全转化为: - 穿着衣服的完整白色骷髅,骷髅眼冒着红光。 - 骷髅头比例标准、结构清晰、无任何畸形 - 火焰环绕但不遮挡头骨轮廓 镜头轻微拉远,最终定格在骷髅骑士被火焰包围的终极画面。","[{""type"":""image"",""index"":0,""url"":""https://cos-aigc-default.agnes-ai.com/m15-watermarks/water-dd52d551a37b5859fbb521c0685d9c1d-0-d4a66d5a0513.jpg"",""path"":""/kwkj-k8s/SQL/data/用户输入/有水印/图片/307880856538652672_0.jpg"",""request_url"":""https://cos-aigc-default.agnes-ai.com/m15-watermarks/water-dd52d551a37b5859fbb521c0685d9c1d-0-d4a66d5a0513.jpg"",""manifest_entry"":true,""role"":""first_frame"",""exists"":true,""kind"":""image""}]",5,720P,9:16
cn300v2_5364a493237112b0879f56f6,i2v,17,"提示词:生成一段10秒韩系K-pop舞蹈视频,竖版9:16,超写实MV质感。在画面中央跳一段韩国女团风舞蹈,动作自然流畅,有抬手、转身、甩发、扭胯、走位和ending pose,表情自信有魅力。镜头以全身和中景跟拍为主,轻微推拉运镜,整体节奏感强,像K-pop女团直拍。避免动作僵硬、脸崩、肢体变形。","[{""type"":""image"",""index"":0,""url"":""https://cos-aigc-default.agnes-ai.com/pixa/chat_attachment/edecb692-1207-4743-b899-de615f4d060c/1778037438_26b54d32.jpg"",""path"":""/kwkj-k8s/SQL/data/用户输入/有水印/图片/310254357753065472_0.jpg"",""request_url"":""https://cos-aigc-default.agnes-ai.com/pixa/chat_attachment/edecb692-1207-4743-b899-de615f4d060c/1778037438_26b54d32.jpg"",""manifest_entry"":true,""role"":""first_frame"",""exists"":true,""kind"":""image""}]",10,720P,9:16
cn300v2_672b57028d68910f7ab793b6,i2v,17,"沉浸式的贴地微环绕跟拍手持镜头。镜头贴近草皮,从前景男孩的左侧后方位开始,动作分为两步:先缓慢向后拉远一点点,随后贴着地面画出一道平滑的弧线,向右前方缓慢环绕推进,视线掠过持控制器的男孩,逐渐展示出中景的阅读者、红房子、风车以及远方悬浮的玻璃城堡。画面中的强风动态保持不变——草地剧烈摇曳,男孩和两侧人物的头发衣服随风拂动;右侧风车叶片匀速旋转;上空巨大的棉花云和彩虹光晕快速流淌变幻。(必做约束):空中悬浮的城堡玻璃宫殿、玩具飞机以及周围的人物,必须保持结构绝对稳定,全靠镜头的推移产生场景转换感,绝无生硬拉扯扭曲。","[{""type"":""image"",""index"":0,""url"":""https://cos-aigc-default.agnes-ai.com/pixa/ugc_image/26b48eb2-5d61-4d51-9486-b7b8dba12632/1785145592_9352e262.png"",""path"":""/kwkj-k8s/SQL/data/用户输入/有水印/图片/340068699361009664_0.png"",""request_url"":""https://cos-aigc-default.agnes-ai.com/pixa/ugc_image/26b48eb2-5d61-4d51-9486-b7b8dba12632/1785145592_9352e262.png"",""manifest_entry"":true,""role"":""first_frame"",""exists"":true,""kind"":""image""}]",5,720P,9:16
cn300v2_e556719b3d857002f04f4052,i2v,17,"沉浸式的微距环绕运镜,镜头携带极其克制的平移和自然的呼吸感。两名身穿素白道袍的修行者,正在宏伟的龙形飞檐建筑上打扫。镜头缓慢而轻微地围绕他们和巨大的青铜龙首进行缓慢的环绕与微调,保持画面凝神的仙侠感。脚下漫无边际的云海在缓缓流淌翻涌。在微弱的自然气流中,修行者的衣袂和袍角随着他们打扫的动作轻微摆动。阳光在蓝色琉璃瓦和金色龙骨上流转。仙侠梦核美学,画面通透,保持宏伟建筑绝对的线条和结构稳定,绝无廉价拉扯或变形扭曲。","[{""type"":""image"",""index"":0,""url"":""https://cos-aigc-default.agnes-ai.com/pixa/ugc_image/26b48eb2-5d61-4d51-9486-b7b8dba12632/1784979232_3c8c11a0.png"",""path"":""/kwkj-k8s/SQL/data/用户输入/有水印/图片/339370453697273856_0.png"",""request_url"":""https://cos-aigc-default.agnes-ai.com/pixa/ugc_image/26b48eb2-5d61-4d51-9486-b7b8dba12632/1784979232_3c8c11a0.png"",""manifest_entry"":true,""role"":""first_frame"",""exists"":true,""kind"":""image""}]",5,720P,9:16
cn300v2_ff97b499ee4920546be4cc4b,i2v,17,"参考图作为首帧,骏马飞奔,无人机视角,远景广焦俯拍,以笫一人称无人机视角镜头环绕追踪跟随骏马奔跑运镜,大师摄影,动态丝滑流畅,真然,符合逻辑,画面无瑕疵,骑手不要变形扭曲,超级高清画质,粒子特效,动态模糊,高帧率,3倍速,高角度府拍,超广角表现视角冲击力,动感强撼,写真摄影质感,场面震撼,气势恢宏。确保人物始终在画面c位。","[{""type"":""image"",""index"":0,""url"":""https://cos-aigc-default.agnes-ai.com/pixa/ugc_image/363451e4-2f81-4ab5-af96-ee8ac4bb951d/1782199385_91b003dd.png"",""path"":""/kwkj-k8s/SQL/data/用户输入/有水印/图片/327712856116617216_0.png"",""request_url"":""https://cos-aigc-default.agnes-ai.com/pixa/ugc_image/363451e4-2f81-4ab5-af96-ee8ac4bb951d/1782199385_91b003dd.png"",""manifest_entry"":true,""role"":""first_frame"",""exists"":true,""kind"":""image""}]",5,720P,9:16
cn300v2_24472ae91ce600345e8035ec,i2v,18,"基于参考图片生成5秒左右的视频,保持画面中“Agnes·开为科技”墙面文字内容不变,保持整体空间结构和构图不变。镜头从当前视角开始,缓慢平稳向前推进,轻微带一点横向移动,形成宣传片式高级运镜。画面表现为现代企业接待大厅,白色大理石背景墙、蓝色立体企业标识、明亮整洁的办公空间、玻璃会议室与通透走廊清晰可见。整体色调调整为市政宣传片风格,光线明亮通透,色彩自然清新,带有温暖阳光感和轻微高端商务氛围,画面干净、秩序感强、积极向上,体现良好的产业环境、现代办公氛围与城市营商形象。真实摄影风格,电影级宣传片质感,8K超清细节,16:9,镜头稳定,无抖动,无夸张特效。","[{""type"":""image"",""index"":0,""url"":""https://cos-aigc-default.agnes-ai.com/pixa/ugc_image/f3470a8f-b1b2-4c27-a511-e9ff2c82d710/1781788735_9cd0eec2.png"",""path"":""/kwkj-k8s/SQL/data/用户输入/有水印/图片/325988871553212416_0.png"",""request_url"":""https://cos-aigc-default.agnes-ai.com/pixa/ugc_image/f3470a8f-b1b2-4c27-a511-e9ff2c82d710/1781788735_9cd0eec2.png"",""manifest_entry"":true,""role"":""first_frame"",""exists"":true,""kind"":""image""}]",6,720P,16:9
cn300v2_57e3df2b6a82863ea81cc6e3,i2v,18,"以这张图片作为首帧,保持所有人物长相、服装、发型、站位、构图、镜头角度、夜市环境、灯光、背景招牌完全一致。镜头全程固定,不推镜、不拉镜、不摇镜、不改变景别。 黄衣服女生面带自然的笑容,看向老板,身体保持基本不动,仅轻微抬起右手,手中拿着一张纸巾。嘴巴自然开合,对老板说:“老板,给我来根儿烤肠!”","[{""type"":""image"",""index"":0,""url"":""https://cos-aigc-default.agnes-ai.com/pixa/chat_attachment/f3470a8f-b1b2-4c27-a511-e9ff2c82d710/1782728860_e0fbcd9d.jpg"",""path"":""/kwkj-k8s/SQL/data/用户输入/有水印/图片/329931747643187200_0.jpg"",""request_url"":""https://cos-aigc-default.agnes-ai.com/pixa/chat_attachment/f3470a8f-b1b2-4c27-a511-e9ff2c82d710/1782728860_e0fbcd9d.jpg"",""manifest_entry"":true,""role"":""first_frame"",""exists"":true,""kind"":""image""}]",4,720P,9:16
cn300v2_72fac3512804fbbdd2538282,i2v,18,"微暗的中式客厅里,一名六十岁东亚男性端坐在深棕色皮质单人扶手椅上,身穿深靛蓝色亚麻立领唐装。他的身体保持不动,不起身,不移动,双手不入画,头部保持转画面中右侧的姿态,目光也保持画面的状态,看向对面的年轻人,他开口说中文普通话:""夜莺站在树上高声歌唱,引来了一只饥饿的耀子,一爪子将她按住。""——男声,六十岁,中低音区,音质偏干带沙,语调低沉,语速平缓自然,句尾下沉,音量不大,声音收着不外送,像在讲一件跟自己无关的旧事,不是朗读,不是播音,没有舞台腔,字与字之间连贯不拖沓,口型与台词精确同步。说话时他的神情沉静,没有笑容。说完之后他不再说话,嘴唇闭合,目光停留不动。背景是虚化模糊的客厅墙面。固定机位,摄影机完全不动,画面没有推拉摇移,没有变焦。声音:室内环境音,低频空调运转的持续嗡鸣,隔窗传来极远处城市交通的闷响,整体安静。这个镜头里只有这一个人说话,没有第二个人的声音,没有旁白,没有背景音乐。画面干净,没有字幕,没有文字。","[{""type"":""image"",""index"":0,""url"":""https://cos-aigc-default.agnes-ai.space/pixa/ugc_image/e1f9bf0b-64ef-4b60-a4fa-358b7867ce23/1786529566_8ce76361.jpg"",""path"":""/kwkj-k8s/SQL/data/用户输入/有水印/图片/345874383574851584_0.jpg"",""request_url"":""https://cos-aigc-default.agnes-ai.space/pixa/ugc_image/e1f9bf0b-64ef-4b60-a4fa-358b7867ce23/1786529566_8ce76361.jpg"",""manifest_entry"":true,""role"":""first_frame"",""exists"":true,""kind"":""image""}]",8,720P,16:9
cn300v2_79a6bf36433856f56de00e75,i2v,18,"微暗的中式客厅里,一名六十岁东亚男性端坐在深棕色皮质单人扶手椅上,身穿深靛蓝色亚麻立领唐装。他的身体保持不动,不起身,不移动,双手不入画,头部保持转向画面右侧的姿态,看向对面的年轻人。他开口说中文普通话:""你跟猎食者讲不值得,毫无意义。""——男声,六十岁,中低音区,音质偏干带沙,语调低沉,语速平缓自然,句尾重重下沉,音量不大,声音收着不外送,说到""毫无意义""四个字时字音落得格外实,语气斩钉截铁,不是朗读,不是播音,没有舞台腔,全程用他自己的语气说话,不模仿别人,不变声,口型与台词精确同步。说话时他的神情冷峻,没有笑容。说完之后他不再说话,嘴唇闭合,目光停留不动。固定机位,摄影机完全不动,画面没有推拉摇移,没有变焦。背景是虚化模糊的客厅墙面。声音:室内环境安静,只有一层微弱到几乎听不见的底噪,没有空调声,没有交通声,没有嗡鸣声。这个镜头里只有这一个人说话,没有第二个人的声音,没有旁白,没有背景音乐。画面干净,没有字幕,没有文字。","[{""type"":""image"",""index"":0,""url"":""https://cos-aigc-default.agnes-ai.space/pixa/ugc_image/e1f9bf0b-64ef-4b60-a4fa-358b7867ce23/1786545465_79b88839.jpg"",""path"":""/kwkj-k8s/SQL/data/用户输入/有水印/图片/345939528296685568_0.jpg"",""request_url"":""https://cos-aigc-default.agnes-ai.space/pixa/ugc_image/e1f9bf0b-64ef-4b60-a4fa-358b7867ce23/1786545465_79b88839.jpg"",""manifest_entry"":true,""role"":""first_frame"",""exists"":true,""kind"":""image""}]",5,720P,16:9
cn300v2_8502540139a4c6b636efef2d,i2v,18,"微暗的中式客厅里,一名六十岁东亚男性端坐在深棕色皮质单人扶手椅上,身穿深靛蓝色亚麻立领唐装。他的身体保持不动,不起身,不移动,双手不入画,头部保持转向画面右侧的姿态,目光落在画面右前方稍下方的位置,看向对面的年轻人,全程不再转回正前方。他开口说中文普通话:""在绝对的资本和实力面前,你的才华极其渺小。""——男声,六十岁,中低音区,音质偏干带沙,语调低沉,语速平缓自然,句尾下沉,音量不大,声音收着不外送,语气平稳而不留情面,不是朗读,不是播音,没有舞台腔,口型与台词精确同步。说话时他的神情冷峻,没有笑容。说完之后他不再说话,嘴唇闭合,目光停留不动。背景是虚化模糊的客厅墙面。固定机位,摄影机完全不动,画面没有推拉摇移,没有变焦。声音:室内环境音,低频空调运转的持续嗡鸣,整体安静。这个镜头里只有这一个人说话,没有第二个人的声音,没有旁白,没有背景音乐。画面干净,没有字幕,没有文字。","[{""type"":""image"",""index"":0,""url"":""https://cos-aigc-default.agnes-ai.space/pixa/ugc_image/e1f9bf0b-64ef-4b60-a4fa-358b7867ce23/1786533776_d59d55cc.jpg"",""path"":""/kwkj-k8s/SQL/data/用户输入/有水印/图片/345890491247673344_0.jpg"",""request_url"":""https://cos-aigc-default.agnes-ai.space/pixa/ugc_image/e1f9bf0b-64ef-4b60-a4fa-358b7867ce23/1786533776_d59d55cc.jpg"",""manifest_entry"":true,""role"":""first_frame"",""exists"":true,""kind"":""image""}]",6,720P,16:9
cn300v2_4ec56722439512bb2431d9c4,ref2v,1,"帝王黑衣服主观镜头 帝王黑衣服坐在龙椅上的,看向快要原地崩溃的大将军,内心无比同情,看着对方仿佛马上就要碎掉 帝王视角看向濒临崩溃的大将军 内心独白麻木平静中性少女音:我感觉将军要碎了。双方是面对面的站位","[{""type"":""image"",""index"":0,""url"":""https://cos-aigc-default.agnes-ai.com/pixa/chat_attachment/f3470a8f-b1b2-4c27-a511-e9ff2c82d710/1782267839_d1cf275f.jpg"",""path"":""/kwkj-k8s/SQL/data/用户输入/有水印/图片/327998938192019456_0.jpg"",""request_url"":""https://cos-aigc-default.agnes-ai.com/pixa/chat_attachment/f3470a8f-b1b2-4c27-a511-e9ff2c82d710/1782267839_d1cf275f.jpg"",""manifest_entry"":true,""role"":""reference"",""exists"":true,""kind"":""image""},{""type"":""image"",""index"":1,""url"":""https://cos-aigc-default.agnes-ai.com/pixa/chat_attachment/f3470a8f-b1b2-4c27-a511-e9ff2c82d710/1782267839_1c3ca891.jpg"",""path"":""/kwkj-k8s/SQL/data/用户输入/有水印/图片/327998938192019456_1.jpg"",""request_url"":""https://cos-aigc-default.agnes-ai.com/pixa/chat_attachment/f3470a8f-b1b2-4c27-a511-e9ff2c82d710/1782267839_1c3ca891.jpg"",""manifest_entry"":true,""role"":""reference"",""exists"":true,""kind"":""image""}]",8,720P,16:9
cn300v2_50b838d1e525999b78805cda,ref2v,1,"丢出狮子座魔法球落地(魔法球里出现狮子座的标志),变身狮子座女战士,战士铠甲(铠甲白搭粉色,头部不需要铠甲)从脚华丽变身到身体(保持原图人物不变,周身飘过火焰),身后出现大狮子,人物说我强势力,但我专一。不屑勾心斗角,惹我的人,我绝不妥协","[{""type"":""image"",""index"":0,""url"":""https://cos-aigc-default.agnes-ai.com/pixa/chat_attachment/a650f93a-de62-4924-9ff7-2a2fddc82d63/1778154185_964230ca.jpg"",""path"":""/kwkj-k8s/SQL/data/用户输入/有水印/图片/310745214574817280_0.jpg"",""request_url"":""https://cos-aigc-default.agnes-ai.com/pixa/chat_attachment/a650f93a-de62-4924-9ff7-2a2fddc82d63/1778154185_964230ca.jpg"",""manifest_entry"":true,""role"":""reference"",""exists"":true,""kind"":""image""}]",10,720P,9:16
cn300v2_5a92361e28207f30fe4babb6,ref2v,1,"镜头切换到水下破损的巨大游轮缓缓下沉,镜头跟随拍摄游轮下沉拍摄,最终游轮沉入海底,接触海创瞬间,画面震动,镜头切换至海面,持续拉远,海面逐渐占据整个画面,风雪再度回归,世界重新回到寂静而空旷的北极海域。","[{""type"":""image"",""index"":0,""url"":""https://cos-aigc-default.agnes-ai.com/pixa/ugc_image/363451e4-2f81-4ab5-af96-ee8ac4bb951d/1783059580_f27aa448.jpg"",""path"":""/kwkj-k8s/SQL/data/用户输入/有水印/图片/331322192604340224_0.jpg"",""request_url"":""https://cos-aigc-default.agnes-ai.com/pixa/ugc_image/363451e4-2f81-4ab5-af96-ee8ac4bb951d/1783059580_f27aa448.jpg"",""manifest_entry"":true,""role"":""reference"",""exists"":true,""kind"":""image""}]",12,720P,16:9
cn300v2_6fd4ccf0cbf85beeff79198a,ref2v,1,"都市服装店场景,帅气男生许秋在徐小双指导下搭配好新服装,导购员脸红激动请求合照,许秋微笑同意,合照后导购员询问修行方法,许秋认真回答“多读书,多看报,少吃零食多睡觉”,随后许秋和徐小双离开服装店,青春治愈风格,画面明亮柔和","[{""type"":""image"",""index"":0,""url"":""https://cos-aigc-default.agnes-ai.com/pixa/chat_attachment/20556812-e718-4243-a821-1408caf3ef9f/1780106870_cd2e763e.png"",""path"":""/kwkj-k8s/SQL/data/用户输入/有水印/图片/318934370677301248_0.png"",""request_url"":""https://cos-aigc-default.agnes-ai.com/pixa/chat_attachment/20556812-e718-4243-a821-1408caf3ef9f/1780106870_cd2e763e.png"",""manifest_entry"":true,""role"":""reference"",""exists"":true,""kind"":""image""},{""type"":""image"",""index"":1,""url"":""https://cos-aigc-default.agnes-ai.com/pixa/chat_attachment/20556812-e718-4243-a821-1408caf3ef9f/1779869570_5543332c.jpg"",""path"":""/kwkj-k8s/SQL/data/用户输入/有水印/图片/318934370677301248_1.jpg"",""request_url"":""https://cos-aigc-default.agnes-ai.com/pixa/chat_attachment/20556812-e718-4243-a821-1408caf3ef9f/1779869570_5543332c.jpg"",""manifest_entry"":true,""role"":""reference"",""exists"":true,""kind"":""image""}]",5,720P,9:16
cn300v2_a7abaaf95e699c2ae2704db9,ref2v,1,"图片1和图片2进行格斗,背景为街霸6的游戏界面,且打斗风格为街霸6的风格。使用罗马斗技,使用俄罗斯摔跤手风格。使用一连串动作攻击后,结尾处使用格斗超必杀一招翻盘,角色完全使用、并修改为街霸风格","[{""type"":""image"",""index"":0,""url"":""https://cos-aigc-default.agnes-ai.com/2/ugc_image/363451e4-2f81-4ab5-af96-ee8ac4bb951d/1777357217_647c9dbb.png"",""path"":""/kwkj-k8s/SQL/data/用户输入/有水印/图片/307402654078730240_0.png"",""request_url"":""https://cos-aigc-default.agnes-ai.com/2/ugc_image/363451e4-2f81-4ab5-af96-ee8ac4bb951d/1777357217_647c9dbb.png"",""manifest_entry"":true,""role"":""reference"",""exists"":true,""kind"":""image""},{""type"":""image"",""index"":1,""url"":""https://cos-aigc-default.agnes-ai.com/2/ugc_image/363451e4-2f81-4ab5-af96-ee8ac4bb951d/1777357223_5260c863.png"",""path"":""/kwkj-k8s/SQL/data/用户输入/有水印/图片/307402654078730240_1.png"",""request_url"":""https://cos-aigc-default.agnes-ai.com/2/ugc_image/363451e4-2f81-4ab5-af96-ee8ac4bb951d/1777357223_5260c863.png"",""manifest_entry"":true,""role"":""reference"",""exists"":true,""kind"":""image""}]",10,720P,9:16
cn300v2_47a0dee642b80f43c3f02431,ref2v,2,"[Reference Image 1]女生眼部特写镜头,眉头微微皱起,眼神中稍稍有点无奈,但向斜前方看了一眼[Reference Image 2],眉头又舒展起来。低饱和橄榄灰绿 × 蜂蜜金暖光 × 柯达胶片质感。","[{""type"":""image"",""index"":0,""url"":""https://cos-aigc-default.agnes-ai.space/pixa/ugc_image/edecb692-1207-4743-b899-de615f4d060c/1785490124_669e2eb6.png"",""path"":""/kwkj-k8s/SQL/data/用户输入/有水印/图片/341514034851565568_0.png"",""request_url"":""https://cos-aigc-default.agnes-ai.space/pixa/ugc_image/edecb692-1207-4743-b899-de615f4d060c/1785490124_669e2eb6.png"",""manifest_entry"":true,""role"":""reference"",""exists"":true,""kind"":""image""},{""type"":""image"",""index"":1,""url"":""https://cos-aigc-default.agnes-ai.space/pixa/ugc_image/edecb692-1207-4743-b899-de615f4d060c/1785490206_8f2275ff.png"",""path"":""/kwkj-k8s/SQL/data/用户输入/有水印/图片/341514034851565568_1.png"",""request_url"":""https://cos-aigc-default.agnes-ai.space/pixa/ugc_image/edecb692-1207-4743-b899-de615f4d060c/1785490206_8f2275ff.png"",""manifest_entry"":true,""role"":""reference"",""exists"":true,""kind"":""image""}]",8,720P,16:9
cn300v2_8502b8a44f292a2b82fa10e1,ref2v,2,"画面内容 她悬浮空中俯视众人。 最后轻蔑挑眉。 提示词(中文) 中国仙侠女王悬浮空中,俯视众生,红色长袍在空中飞舞,漫天剑气与碎石漂浮,气场碾压,轻蔑冷笑,挑眉微表情,眼神睥睨天下,东方玄幻电影感,神级光影,史诗感,超写实,终极Boss气场,8K","[{""type"":""image"",""index"":0,""url"":""https://cos-aigc-default.agnes-ai.com/pixa/chat_attachment/735a165a-64e8-4b47-899d-cdf7a2451a78/1779763006_c55a8656.png"",""path"":""/kwkj-k8s/SQL/data/用户输入/有水印/图片/317496154736594944_0.png"",""request_url"":""https://cos-aigc-default.agnes-ai.com/pixa/chat_attachment/735a165a-64e8-4b47-899d-cdf7a2451a78/1779763006_c55a8656.png"",""manifest_entry"":true,""role"":""reference"",""exists"":true,""kind"":""image""},{""type"":""image"",""index"":1,""url"":""https://cos-aigc-default.agnes-ai.com/pixa/chat_attachment/735a165a-64e8-4b47-899d-cdf7a2451a78/1779763942_d7a4ef7d.png"",""path"":""/kwkj-k8s/SQL/data/用户输入/有水印/图片/317496154736594944_1.png"",""request_url"":""https://cos-aigc-default.agnes-ai.com/pixa/chat_attachment/735a165a-64e8-4b47-899d-cdf7a2451a78/1779763942_d7a4ef7d.png"",""manifest_entry"":true,""role"":""reference"",""exists"":true,""kind"":""image""}]",8,720P,9:16
cn300v2_9aee11bb795a9197cde117b3,ref2v,2,"固定镜头,对称构图,手掌托着这超迷你的 3D 写实娃娃,电影级柔光特写镜头,固定镜头,一只手指戳了戳小娃娃的脸颊,小娃娃露出生气的表情,光影柔和,无瑕疵,超高清,8K 分辨率,照片级真实感","[{""type"":""image"",""index"":0,""url"":""https://cos-aigc-default.agnes-ai.com/pixa/chat_attachment/735a165a-64e8-4b47-899d-cdf7a2451a78/1778037663_24d44bc0.jpg"",""path"":""/kwkj-k8s/SQL/data/用户输入/有水印/图片/310255485005635584_0.jpg"",""request_url"":""https://cos-aigc-default.agnes-ai.com/pixa/chat_attachment/735a165a-64e8-4b47-899d-cdf7a2451a78/1778037663_24d44bc0.jpg"",""manifest_entry"":true,""role"":""reference"",""exists"":true,""kind"":""image""}]",8,720P,9:16
cn300v2_b182431fd8758b166681d8f5,ref2v,2,"商业广告,大片质感,未来科技感宣传片,8K超高清,前后元素100%衔接 镜头从产业园区大楼外飞过,逐渐上升,由产业园区飞入蓝天,丝滑转换场景至大自然当中,阳光,大树,湖泊,草地,欣欣向荣,最后[Reference Image 1]logo出现在画面中央收尾","[{""type"":""image"",""index"":0,""url"":""https://cos-aigc-default.agnes-ai.com/pixa/ugc_image/eb2ea441-8e7e-499c-8df2-d50ca4f53134/1783481086_02f4e149.png"",""path"":""/kwkj-k8s/SQL/data/用户输入/有水印/图片/333087192029196288_0.png"",""request_url"":""https://cos-aigc-default.agnes-ai.com/pixa/ugc_image/eb2ea441-8e7e-499c-8df2-d50ca4f53134/1783481086_02f4e149.png"",""manifest_entry"":true,""role"":""reference"",""exists"":true,""kind"":""image""}]",10,720P,16:9
cn300v2_dae16bd3ca587f3e69ca594d,ref2v,2,"电影级拍摄风格,电影级光影,画面:远景俯拍。镜头对准科考船 船头,一型极其大型,豪华现代化科考船在北极海面上航行,海面漂浮着一些碎冰。镜头快速下降至船头,拍摄船破浪高速前进,采用长镜头拍摄,","[{""type"":""image"",""index"":0,""url"":""https://cos-aigc-default.agnes-ai.com/pixa/ugc_image/363451e4-2f81-4ab5-af96-ee8ac4bb951d/1783050279_6bd329ba.jpg"",""path"":""/kwkj-k8s/SQL/data/用户输入/有水印/图片/331279965727432704_0.jpg"",""request_url"":""https://cos-aigc-default.agnes-ai.com/pixa/ugc_image/363451e4-2f81-4ab5-af96-ee8ac4bb951d/1783050279_6bd329ba.jpg"",""manifest_entry"":true,""role"":""reference"",""exists"":true,""kind"":""image""}]",12,720P,16:9
cn300v2_3c775e5340d0c1f0092a5b50,ref2v,3,"生成一段丝滑的视频,主体的面孔和全身平滑渐变变化。人种特征慢慢转变为东斯拉夫俄罗斯人种,同时服装融化转变为传统俄罗斯民族服饰,现代城市背景逐渐消失,取而代之的是俄罗斯乡村的白雪木屋、白桦林和东正教教堂,或夏日的草原与野花。整个过程保持相同的面部身份,平稳的变形动画,无抖动,超写实,电影级画质。","[{""type"":""image"",""index"":0,""url"":""https://cos-aigc-default.agnes-ai.com/template/308dd013-9bf9-4208-8906-bd8f53316488/55998855b12a4b4d83a5b59dcf464edd.jpg"",""path"":""/kwkj-k8s/SQL/data/用户输入/有水印/图片/322037410427432960_0.jpg"",""request_url"":""https://cos-aigc-default.agnes-ai.com/template/308dd013-9bf9-4208-8906-bd8f53316488/55998855b12a4b4d83a5b59dcf464edd.jpg"",""manifest_entry"":true,""role"":""reference"",""exists"":true,""kind"":""image""},{""type"":""image"",""index"":1,""url"":""https://cos-aigc-default.agnes-ai.com/m15-watermarks/water-e223646691c2c18cb8e812a071eed104-0-d42a2c9d868a.jpg"",""path"":""/kwkj-k8s/SQL/data/用户输入/有水印/图片/322037410427432960_1.jpg"",""request_url"":""https://cos-aigc-default.agnes-ai.com/m15-watermarks/water-e223646691c2c18cb8e812a071eed104-0-d42a2c9d868a.jpg"",""manifest_entry"":true,""role"":""reference"",""exists"":true,""kind"":""image""}]",6,720P,9:16
cn300v2_7ef3b9bdd436d8dc9838452b,ref2v,3,"首帧画面为手机地图近距离特写,画面干净简洁,地图上有一枚红色圆形定位标记符号。 画面动态流程连贯有序:一只手的食指缓缓伸出,精准落在地图红色定位标记上,轻轻向下按压;按压完成后,手指顺势向上竖直拔出定位标记;定位标记拔出的一瞬间,胜利女神雕像即刻完整显现、瞬间成型,无缓慢浮现过程; 镜头立刻锁定聚焦胜利女神雕像,保持稳定运镜缓慢向前推进拉近;随着镜头持续近距离拉近,雕像轮廓逐步融合演变,自然过渡浮现出图片1中的女生; 全程运镜顺滑平稳,无抖动、无扭曲、无画面崩坏,女生与雕像衔接自然,光影层次高级,画质 4K 超清,氛围感高级,动态节奏舒缓流畅,画面比例正常,无多余杂物乱入。","[{""type"":""image"",""index"":0,""url"":""https://cos-aigc-default.agnes-ai.com/2/ugc_image/363451e4-2f81-4ab5-af96-ee8ac4bb951d/1778309646_831bd060.jpg"",""path"":""/kwkj-k8s/SQL/data/用户输入/有水印/图片/311396587024723968_0.jpg"",""request_url"":""https://cos-aigc-default.agnes-ai.com/2/ugc_image/363451e4-2f81-4ab5-af96-ee8ac4bb951d/1778309646_831bd060.jpg"",""manifest_entry"":true,""role"":""reference"",""exists"":true,""kind"":""image""}]",6,720P,9:16
cn300v2_cd58b1f0e8a91441c9b3e48b,ref2v,3,"生成一段丝滑的视频,主体的面孔和全身平滑渐变变化。人种特征慢慢转变为非洲部落人种,金发或棕发渐变为天然黑色极短卷发或缀珠发辫,皮肤由浅色过渡为饱满的深乌木色或檀木色,肌肤上逐渐浮现出赭红和白色的部落彩绘,西方服饰自然融化为手工皮革、串珠和编织裹腰布或抹胸流苏裙。现代城市背景逐渐消失,取而代之的是非洲部落的茅草圆屋、金合欢草原和落日篝火。整个过程严格保持相同的面部五官特征,自然平稳的变形动画,无抖动,超写实,电影级画质。","[{""type"":""image"",""index"":0,""url"":""https://cos-aigc-default.agnes-ai.com/template/dab5e9d0-e6da-4d13-bb41-d8f761253224/ec5ec2e1a5dd45cea23ca4ec64458d6a.jpg"",""path"":""/kwkj-k8s/SQL/data/用户输入/有水印/图片/325910850040926208_0.jpg"",""request_url"":""https://cos-aigc-default.agnes-ai.com/template/dab5e9d0-e6da-4d13-bb41-d8f761253224/ec5ec2e1a5dd45cea23ca4ec64458d6a.jpg"",""manifest_entry"":true,""role"":""reference"",""exists"":true,""kind"":""image""},{""type"":""image"",""index"":1,""url"":""https://cos-aigc-default.agnes-ai.com/m15-watermarks/water-dbdb37442c16e8961f71f8ef674b004b-0-9ec68e6cfb28.jpg"",""path"":""/kwkj-k8s/SQL/data/用户输入/有水印/图片/325910850040926208_1.jpg"",""request_url"":""https://cos-aigc-default.agnes-ai.com/m15-watermarks/water-dbdb37442c16e8961f71f8ef674b004b-0-9ec68e6cfb28.jpg"",""manifest_entry"":true,""role"":""reference"",""exists"":true,""kind"":""image""}]",6,720P,9:16
cn300v2_dfb9ade6f515a0b693c2b92f,ref2v,3,"生成一段丝滑的视频,主体的面孔和全身平滑渐变变化。人种特征慢慢转变为亚洲人种,同时服装融化转变为传统日本和服,现代城市背景逐渐消失,取而代之的是日本京都神社或古老建筑。整个过程保持相同的面部身份,平稳的变形动画,无抖动,超写实,电影级画质。","[{""type"":""image"",""index"":0,""url"":""https://cos-aigc-default.agnes-ai.com/template/f0b51903-d6fc-4183-a0ed-fc09a9ae9186/688e76d779c3484391f9a63f94a3f2de.jpg"",""path"":""/kwkj-k8s/SQL/data/用户输入/有水印/图片/322270207217889280_0.jpg"",""request_url"":""https://cos-aigc-default.agnes-ai.com/template/f0b51903-d6fc-4183-a0ed-fc09a9ae9186/688e76d779c3484391f9a63f94a3f2de.jpg"",""manifest_entry"":true,""role"":""reference"",""exists"":true,""kind"":""image""},{""type"":""image"",""index"":1,""url"":""https://cos-aigc-default.agnes-ai.com/m15-watermarks/water-22dd92b44e4efb4cb3a28efd8e11dad3-0-631d9f008bd5.jpg"",""path"":""/kwkj-k8s/SQL/data/用户输入/有水印/图片/322270207217889280_1.jpg"",""request_url"":""https://cos-aigc-default.agnes-ai.com/m15-watermarks/water-22dd92b44e4efb4cb3a28efd8e11dad3-0-631d9f008bd5.jpg"",""manifest_entry"":true,""role"":""reference"",""exists"":true,""kind"":""image""}]",6,720P,9:16
cn300v2_e61cf2297f2d5b38336fdcd2,ref2v,3,"生成一段丝滑的视频,主体的面孔和全身平滑渐变变化。人种特征慢慢转变为古埃及王室成员,肤色化为古铜或金橄榄色,夸张的黑色上扬眼线浮现。现代发型褪去,神圣头饰与额前的黄金眼镜蛇显现。现代服装融化为黄金乌塞克项圈、亚麻衣袍与宝石腰带,手中渐现权杖。背景化为神庙巨柱、金字塔与炽热沙漠。保留人物五官特征,自然平稳变形,无跳切,无抖动,超写实,电影级画质","[{""type"":""image"",""index"":0,""url"":""https://cos-aigc-default.agnes-ai.com/template/0ac5605d-fa7e-40f5-aae6-569508719205/b9c9444a5bfa448ca236eca3670004f3.jpg"",""path"":""/kwkj-k8s/SQL/data/用户输入/有水印/图片/324799967046676480_0.jpg"",""request_url"":""https://cos-aigc-default.agnes-ai.com/template/0ac5605d-fa7e-40f5-aae6-569508719205/b9c9444a5bfa448ca236eca3670004f3.jpg"",""manifest_entry"":true,""role"":""reference"",""exists"":true,""kind"":""image""},{""type"":""image"",""index"":1,""url"":""https://cos-aigc-default.agnes-ai.com/m15-watermarks/water-eab5ceb0088b3d1687ddf2dc5fe47225-0-cbd5f73b38f0.jpg"",""path"":""/kwkj-k8s/SQL/data/用户输入/有水印/图片/324799967046676480_1.jpg"",""request_url"":""https://cos-aigc-default.agnes-ai.com/m15-watermarks/water-eab5ceb0088b3d1687ddf2dc5fe47225-0-cbd5f73b38f0.jpg"",""manifest_entry"":true,""role"":""reference"",""exists"":true,""kind"":""image""}]",6,720P,9:16
cn300v2_07e78d618c8ac2e71e469c89,ref2v,4,"保持角色一致性,角色身后火山喷发,两个角色携手逃跑","[{""type"":""image"",""index"":0,""url"":""https://cos-aigc-default.agnes-ai.com/pixa/chat_attachment/942fca94-f21e-4426-a631-51b3bfd1cf21/1777124389_9d4d9e7c.jpg"",""path"":""/kwkj-k8s/SQL/data/用户输入/有水印/图片/306424838591946752_0.jpg"",""request_url"":""https://cos-aigc-default.agnes-ai.com/pixa/chat_attachment/942fca94-f21e-4426-a631-51b3bfd1cf21/1777124389_9d4d9e7c.jpg"",""manifest_entry"":true,""role"":""reference"",""exists"":true,""kind"":""image""}]",5,720P,9:16
cn300v2_3f6e694520fa928221968ff6,ref2v,4,"保持角色一致性,让角色把围巾摘下来,送给镜头前观众,同时说:久酱喜欢你","[{""type"":""image"",""index"":0,""url"":""https://cos-aigc-default.agnes-ai.com/pixa/chat_attachment/942fca94-f21e-4426-a631-51b3bfd1cf21/1777120039_52b3d506.jpg"",""path"":""/kwkj-k8s/SQL/data/用户输入/有水印/图片/306408188249628672_0.jpg"",""request_url"":""https://cos-aigc-default.agnes-ai.com/pixa/chat_attachment/942fca94-f21e-4426-a631-51b3bfd1cf21/1777120039_52b3d506.jpg"",""manifest_entry"":true,""role"":""reference"",""exists"":true,""kind"":""image""}]",5,720P,9:16
cn300v2_4c67b1359f1eef88d119e89d,ref2v,4,"[Reference Image 1] 角色细节,面部特征,服饰等严格保持与人设图一致,写实的渲染风格,CG画风,人物动作流畅,大师级运镜,画风统一与人设图一致。不要毫无意义的突然跳转镜头,保持镜头流程性,人物、脸不要重复,注意区分人物。电影级质感,超精细细节,最佳质量。 空镜,特写,固定镜头,电梯内屏幕从十楼上升到十六楼。电梯嗡鸣声","[{""type"":""image"",""index"":0,""url"":""https://cos-aigc-default.agnes-ai.space/pixa/ugc_image/edecb692-1207-4743-b899-de615f4d060c/1786606770_19d326f4.png"",""path"":""/kwkj-k8s/SQL/data/用户输入/有水印/图片/348476954173292544_0.png"",""request_url"":""https://cos-aigc-default.agnes-ai.space/pixa/ugc_image/edecb692-1207-4743-b899-de615f4d060c/1786606770_19d326f4.png"",""manifest_entry"":true,""role"":""reference"",""exists"":true,""kind"":""image""}]",5,720P,16:9
cn300v2_571c118bf79cca08797b6e12,ref2v,4,"固定镜头,电影级柔光特写镜头,真人图片变为迷你小娃娃,女人五官特点和穿着不变风格变为一个等比例缩小娃娃,娃娃头身比 1:1。可爱,大大的眼睛,皮肤细腻通透,像真人婴儿一样逼真,手掌托着超迷你的娃娃,娃娃站在手掌上,一只手指戳了戳小娃娃的脸颊,小娃娃露出生气的表情,光影柔和,无瑕疵,背景为卧室,超高清,8K 分辨率,真实感","[{""type"":""image"",""index"":0,""url"":""https://cos-aigc-default.agnes-ai.com/pixa/chat_attachment/735a165a-64e8-4b47-899d-cdf7a2451a78/1778045722_2f72046e.jpg"",""path"":""/kwkj-k8s/SQL/data/用户输入/有水印/图片/310289039689338880_0.jpg"",""request_url"":""https://cos-aigc-default.agnes-ai.com/pixa/chat_attachment/735a165a-64e8-4b47-899d-cdf7a2451a78/1778045722_2f72046e.jpg"",""manifest_entry"":true,""role"":""reference"",""exists"":true,""kind"":""image""}]",5,720P,9:16
cn300v2_6c36c8162aeb70ae38a316b7,ref2v,4,"1.美杜莎[Reference Image 1]头发特写:不断扭动的蛇发,蛇探着头嘶嘶的伸着舌头,做攻击状眼部大特写 4k超清,hdr,细节丰富完美,阴影部分层次丰富。人物的服饰妆造发型稳定,角色细节不变,角色符合设定,场景[Reference Image 2],[Reference Image 3],美杜莎带着金属眼罩","[{""type"":""image"",""index"":0,""url"":""https://cos-aigc-default.agnes-ai.space/pixa/ugc_image/eb2ea441-8e7e-499c-8df2-d50ca4f53134/1786263363_57855aae.png"",""path"":""/kwkj-k8s/SQL/data/用户输入/有水印/图片/344763017695059968_0.png"",""request_url"":""https://cos-aigc-default.agnes-ai.space/pixa/ugc_image/eb2ea441-8e7e-499c-8df2-d50ca4f53134/1786263363_57855aae.png"",""manifest_entry"":true,""role"":""reference"",""exists"":true,""kind"":""image""},{""type"":""image"",""index"":1,""url"":""https://cos-aigc-default.agnes-ai.space/pixa/ugc_image/eb2ea441-8e7e-499c-8df2-d50ca4f53134/1786263627_bf2d03eb.png"",""path"":""/kwkj-k8s/SQL/data/用户输入/有水印/图片/344763017695059968_1.png"",""request_url"":""https://cos-aigc-default.agnes-ai.space/pixa/ugc_image/eb2ea441-8e7e-499c-8df2-d50ca4f53134/1786263627_bf2d03eb.png"",""manifest_entry"":true,""role"":""reference"",""exists"":true,""kind"":""image""},{""type"":""image"",""index"":2,""url"":""https://cos-aigc-default.agnes-ai.space/pixa/ugc_image/eb2ea441-8e7e-499c-8df2-d50ca4f53134/1786264850_ad9a98d1.png"",""path"":""/kwkj-k8s/SQL/data/用户输入/有水印/图片/344763017695059968_2.png"",""request_url"":""https://cos-aigc-default.agnes-ai.space/pixa/ugc_image/eb2ea441-8e7e-499c-8df2-d50ca4f53134/1786264850_ad9a98d1.png"",""manifest_entry"":true,""role"":""reference"",""exists"":true,""kind"":""image""}]",5,720P,16:9
cn300v2_7128269f3274c9d0bb0c7990,ref2v,4,"保持角色一致性、尤其面部特征,让两个角色拥吻,配浪漫bgm","[{""type"":""image"",""index"":0,""url"":""https://cos-aigc-default.agnes-ai.com/pixa/chat_attachment/942fca94-f21e-4426-a631-51b3bfd1cf21/1777123713_57e6948e.jpg"",""path"":""/kwkj-k8s/SQL/data/用户输入/有水印/图片/306422310600998912_0.jpg"",""request_url"":""https://cos-aigc-default.agnes-ai.com/pixa/chat_attachment/942fca94-f21e-4426-a631-51b3bfd1cf21/1777123713_57e6948e.jpg"",""manifest_entry"":true,""role"":""reference"",""exists"":true,""kind"":""image""}]",5,720P,9:16
cn300v2_848f457c79ba877438020fae,ref2v,4,"旁白,女帝坐在帝位上内心os:“直到有一天早朝,我发现大家都变了。”正面平视,近景女帝坐在帝位上,眉头微皱在沉思。柔和暖金色局部打光。2d,二次元,动漫风格。高细节,8k分辨率,阴影部分颜色清透,场景纵深感,4k超清,hdr,细节丰富完美,阴影部分层次丰富。人物的服饰妆造发型稳定,角色细节不变,角色符合设定。","[{""type"":""image"",""index"":0,""url"":""https://cos-aigc-default.agnes-ai.com/pixa/chat_attachment/c4e2c744-2d36-4503-9579-e4087614e789/1782463702_42e9f565.jpg"",""path"":""/kwkj-k8s/SQL/data/用户输入/有水印/图片/328820130020851712_0.jpg"",""request_url"":""https://cos-aigc-default.agnes-ai.com/pixa/chat_attachment/c4e2c744-2d36-4503-9579-e4087614e789/1782463702_42e9f565.jpg"",""manifest_entry"":true,""role"":""reference"",""exists"":true,""kind"":""image""},{""type"":""image"",""index"":1,""url"":""https://cos-aigc-default.agnes-ai.com/pixa/chat_attachment/c4e2c744-2d36-4503-9579-e4087614e789/1782463702_372dc2dd.jpg"",""path"":""/kwkj-k8s/SQL/data/用户输入/有水印/图片/328820130020851712_1.jpg"",""request_url"":""https://cos-aigc-default.agnes-ai.com/pixa/chat_attachment/c4e2c744-2d36-4503-9579-e4087614e789/1782463702_372dc2dd.jpg"",""manifest_entry"":true,""role"":""reference"",""exists"":true,""kind"":""image""}]",10,720P,16:9
cn300v2_87443edc5e3ec78414957517,ref2v,4,"固定镜头,电影级柔光特写镜头,真人图片变为超迷你3D娃娃,女人五官特点和穿着不变,风格变为一个超迷你3D娃娃,可爱,头的比例巨大,大大的眼睛,四肢短小,皮肤细腻通透,手掌托着超迷你的小娃娃,娃娃站在手掌上,一只手指戳了戳小娃娃的脸颊,小娃娃露出生气的表情,动作顺滑表情真实,光影柔和,无瑕疵,背景为卧室,超高清,8K 分辨率,真实感","[{""type"":""image"",""index"":0,""url"":""https://cos-aigc-default.agnes-ai.com/pixa/chat_attachment/735a165a-64e8-4b47-899d-cdf7a2451a78/1778048460_d9945199.jpg"",""path"":""/kwkj-k8s/SQL/data/用户输入/有水印/图片/310300731232186368_0.jpg"",""request_url"":""https://cos-aigc-default.agnes-ai.com/pixa/chat_attachment/735a165a-64e8-4b47-899d-cdf7a2451a78/1778048460_d9945199.jpg"",""manifest_entry"":true,""role"":""reference"",""exists"":true,""kind"":""image""}]",5,720P,9:16
cn300v2_b8f5e6e19772f8b67651ba81,ref2v,4,"正面,中景黑衣女帝坐在龙椅上,紫衣九千岁站在一侧,近景,九千岁转头看向女帝,反打,中景仰视拍九千岁(温声低哑阴柔的年轻男子声音,)说:“放心,从今往后,没人能造你的反了。”柔和暖金色局部打光。2d,二次元,动漫风格。高细节,8k分辨率,阴影部分颜色清透,场景纵深感,4k超清,hdr,细节丰富完美,阴影部分层次丰富。人物的服饰妆造发型稳定,角色细节不变,角色符合设定。","[{""type"":""image"",""index"":0,""url"":""https://cos-aigc-default.agnes-ai.com/pixa/chat_attachment/c4e2c744-2d36-4503-9579-e4087614e789/1782464516_0d55e903.jpg"",""path"":""/kwkj-k8s/SQL/data/用户输入/有水印/图片/328823892726677504_0.jpg"",""request_url"":""https://cos-aigc-default.agnes-ai.com/pixa/chat_attachment/c4e2c744-2d36-4503-9579-e4087614e789/1782464516_0d55e903.jpg"",""manifest_entry"":true,""role"":""reference"",""exists"":true,""kind"":""image""},{""type"":""image"",""index"":1,""url"":""https://cos-aigc-default.agnes-ai.com/pixa/chat_attachment/c4e2c744-2d36-4503-9579-e4087614e789/1782464530_df2d8cbf.jpg"",""path"":""/kwkj-k8s/SQL/data/用户输入/有水印/图片/328823892726677504_1.jpg"",""request_url"":""https://cos-aigc-default.agnes-ai.com/pixa/chat_attachment/c4e2c744-2d36-4503-9579-e4087614e789/1782464530_df2d8cbf.jpg"",""manifest_entry"":true,""role"":""reference"",""exists"":true,""kind"":""image""},{""type"":""image"",""index"":2,""url"":""https://cos-aigc-default.agnes-ai.com/pixa/chat_attachment/c4e2c744-2d36-4503-9579-e4087614e789/1782464530_d816b9e8.jpg"",""path"":""/kwkj-k8s/SQL/data/用户输入/有水印/图片/328823892726677504_2.jpg"",""request_url"":""https://cos-aigc-default.agnes-ai.com/pixa/chat_attachment/c4e2c744-2d36-4503-9579-e4087614e789/1782464530_d816b9e8.jpg"",""manifest_entry"":true,""role"":""reference"",""exists"":true,""kind"":""image""}]",10,720P,16:9
cn300v2_c7d11b185124ef2262c30f9a,ref2v,4,"保持角色一致性,角色在足球场上踢足球,边踢边说:穿的越粉,踢得越狠!","[{""type"":""image"",""index"":0,""url"":""https://cos-aigc-default.agnes-ai.com/pixa/chat_attachment/942fca94-f21e-4426-a631-51b3bfd1cf21/1777120935_a50471d4.jpg"",""path"":""/kwkj-k8s/SQL/data/用户输入/有水印/图片/306410821572091904_0.jpg"",""request_url"":""https://cos-aigc-default.agnes-ai.com/pixa/chat_attachment/942fca94-f21e-4426-a631-51b3bfd1cf21/1777120935_a50471d4.jpg"",""manifest_entry"":true,""role"":""reference"",""exists"":true,""kind"":""image""}]",5,720P,9:16
cn300v2_d73c518a75c3048047a21d9c,ref2v,4,"[Reference Image 1]太妃坐在长榻上,正面平视,端起身前的茶杯抿了一口,说话时推至嘴部特写(太妃语重心长地说),“先皇与陛下一般大时,已经有了正妃与几位妾室。陛下如今也十七了,正是封后的时候。“柔和暖金色局部打光。2d,二次元,动漫风格。高细节,8k分辨率,阴影部分颜色清透,场景纵深感,4k超清,hdr,细节丰富完美,阴影部分层次丰富。人物的服饰妆造发型稳定,角色细节不变,角色符合设定。","[{""type"":""image"",""index"":0,""url"":""https://cos-aigc-default.agnes-ai.com/pixa/ugc_image/c4e2c744-2d36-4503-9579-e4087614e789/1783407501_fe5ef9b5.png"",""path"":""/kwkj-k8s/SQL/data/用户输入/有水印/图片/332778656921440256_0.png"",""request_url"":""https://cos-aigc-default.agnes-ai.com/pixa/ugc_image/c4e2c744-2d36-4503-9579-e4087614e789/1783407501_fe5ef9b5.png"",""manifest_entry"":true,""role"":""reference"",""exists"":true,""kind"":""image""}]",10,720P,16:9
cn300v2_4b03d8c93a82ba52f9459768,ref2v,5,"图一的女人衣服不变,让她在学校走廊里奔跑,先是背影特写,然后给出腿部特写 ,然后给出裙子特写,最后给出面部特写,面部特写要有冲击力 要求生成的视频无字幕","[{""type"":""image"",""index"":0,""url"":""https://cos-aigc-default.agnes-ai.com/pixa/chat_attachment/5c844dd1-ad1c-4e22-96cc-bf6b4a1193b4/1780305166_3955102f.png"",""path"":""/kwkj-k8s/SQL/data/用户输入/有水印/图片/319766751608905728_0.png"",""request_url"":""https://cos-aigc-default.agnes-ai.com/pixa/chat_attachment/5c844dd1-ad1c-4e22-96cc-bf6b4a1193b4/1780305166_3955102f.png"",""manifest_entry"":true,""role"":""reference"",""exists"":true,""kind"":""image""}]",5,720P,16:9
cn300v2_5c4252241d4f52852e473d15,ref2v,5,"人物自然走向镜头,在中间停留,抬手撩一下头发,顺势展示裙子,再轻轻转身展示侧面穿搭,动作真实自然,ootd博主感","[{""type"":""image"",""index"":0,""url"":""https://cos-aigc-default.agnes-ai.com/pixa/chat_attachment/58e92726-4c5f-4835-ac6e-727c7771b6b9/1783691932_2af6fbc6.jpg"",""path"":""/kwkj-k8s/SQL/data/用户输入/有水印/图片/333971574763974656_0.jpg"",""request_url"":""https://cos-aigc-default.agnes-ai.com/pixa/chat_attachment/58e92726-4c5f-4835-ac6e-727c7771b6b9/1783691932_2af6fbc6.jpg"",""manifest_entry"":true,""role"":""reference"",""exists"":true,""kind"":""image""}]",8,720P,9:16
cn300v2_615e2b8cd58336a0087734fb,ref2v,5,"生成一段丝滑的视频,主体缓慢转身(只转身一圈),同时服装融化转变为中国宋代传统服饰,背景慢慢变化成宋代江南园林庭院。整个过程保持相同的面部身份,平稳的变形动画,无抖动,超写实,电影级画质。严禁主体人物多次转身。","[{""type"":""image"",""index"":0,""url"":""https://cos-aigc-default.agnes-ai.com/template/5454f85c-20a6-4973-8e46-64a811e64e1e/e86350d7e9aa4d779b91e2af0f51276c.jpg"",""path"":""/kwkj-k8s/SQL/data/用户输入/有水印/图片/324750701154701312_0.jpg"",""request_url"":""https://cos-aigc-default.agnes-ai.com/template/5454f85c-20a6-4973-8e46-64a811e64e1e/e86350d7e9aa4d779b91e2af0f51276c.jpg"",""manifest_entry"":true,""role"":""reference"",""exists"":true,""kind"":""image""},{""type"":""image"",""index"":1,""url"":""https://cos-aigc-default.agnes-ai.com/m15-watermarks/water-de203981260454a0977e8df6f12903fe-0-766361c0157b.jpg"",""path"":""/kwkj-k8s/SQL/data/用户输入/有水印/图片/324750701154701312_1.jpg"",""request_url"":""https://cos-aigc-default.agnes-ai.com/m15-watermarks/water-de203981260454a0977e8df6f12903fe-0-766361c0157b.jpg"",""manifest_entry"":true,""role"":""reference"",""exists"":true,""kind"":""image""}]",6,720P,9:16
cn300v2_efac707e87861a30d7fbd107,ref2v,5,"战斗继续,敌方阵线开始后退。局部溃散出现。士兵转身逃离,被尘雾吞没。罗马军团胜利,战士在战场振臂高呼。镜头拉高:战场像被黑白潮水重新覆盖。","[{""type"":""image"",""index"":0,""url"":""https://cos-aigc-default.agnes-ai.com/pixa/ugc_image/363451e4-2f81-4ab5-af96-ee8ac4bb951d/1782968217_783b0778.jpg"",""path"":""/kwkj-k8s/SQL/data/用户输入/有水印/图片/330936179520380928_0.jpg"",""request_url"":""https://cos-aigc-default.agnes-ai.com/pixa/ugc_image/363451e4-2f81-4ab5-af96-ee8ac4bb951d/1782968217_783b0778.jpg"",""manifest_entry"":true,""role"":""reference"",""exists"":true,""kind"":""image""}]",8,720P,16:9
cn300v2_f63d38623179462cc41dc872,ref2v,5,"镜头缓缓推进,一只狗绕过车头前方,慢悠悠走向驾驶位一侧。它熟练地抬起爪子,用力拉开车门,动作自然流畅,仿佛早已轻车熟路。 狗灵活跳上驾驶座,前爪自然搭在方向盘上,身体坐姿像真正的人类司机。下一秒,它用爪子按下启动按钮。 车辆瞬间点亮,仪表盘与氛围灯同时启动,与此同时,车内动感音乐突然响起,节奏强烈,狗狗双手扶着方向盘,跟着音乐跳起魔性的舞蹈,","[{""type"":""image"",""index"":0,""url"":""https://cos-aigc-default.agnes-ai.com/2/ugc_image/363451e4-2f81-4ab5-af96-ee8ac4bb951d/1778468590_dbb47941.jpg"",""path"":""/kwkj-k8s/SQL/data/用户输入/有水印/图片/312070754716053504_0.jpg"",""request_url"":""https://cos-aigc-default.agnes-ai.com/2/ugc_image/363451e4-2f81-4ab5-af96-ee8ac4bb951d/1778468590_dbb47941.jpg"",""manifest_entry"":true,""role"":""reference"",""exists"":true,""kind"":""image""}]",10,720P,9:16
cn300v2_35ee1ec882ab5e49ce4bb7e7,ref2v,6,"图片一是场景,图片二是角色。开始冰箱门关着,角色打开冰箱门,脸部瞬间被极度冰冷的白光照亮,身后是暖昏黄的厨房背光形成强烈冷暖交替。一只手拿着卸妆棉擦脸上的妆容,一只手伸进面包袋子里拿面包,朝冰箱外喊了一声:妈,料酒在哪!随后边吃边关闭冰箱门,伴随门框合拢,缝隙光线逐渐变窄,画面在冰箱门关上后进入黑暗死寂。一秒后又打开冰箱门拿走一罐可乐。这时耳朵被揪起来,女生画外音:又喝可乐又喝可乐。","[{""type"":""image"",""index"":0,""url"":""https://cos-aigc-default.agnes-ai.com/pixa/ugc_image/363451e4-2f81-4ab5-af96-ee8ac4bb951d/1782293807_9dfbd781.jpg"",""path"":""/kwkj-k8s/SQL/data/用户输入/有水印/图片/328412779656675328_0.jpg"",""request_url"":""https://cos-aigc-default.agnes-ai.com/pixa/ugc_image/363451e4-2f81-4ab5-af96-ee8ac4bb951d/1782293807_9dfbd781.jpg"",""manifest_entry"":true,""role"":""reference"",""exists"":true,""kind"":""image""},{""type"":""image"",""index"":1,""url"":""https://cos-aigc-default.agnes-ai.com/pixa/ugc_image/363451e4-2f81-4ab5-af96-ee8ac4bb951d/1782293815_7a102d61.jpg"",""path"":""/kwkj-k8s/SQL/data/用户输入/有水印/图片/328412779656675328_1.jpg"",""request_url"":""https://cos-aigc-default.agnes-ai.com/pixa/ugc_image/363451e4-2f81-4ab5-af96-ee8ac4bb951d/1782293815_7a102d61.jpg"",""manifest_entry"":true,""role"":""reference"",""exists"":true,""kind"":""image""}]",10,720P,9:16
cn300v2_60efa364f2ae525670106514,ref2v,6,"电影以拍摄风格及运镜,大型游轮驾驶室室内近景,光线明亮,透过侧窗,窗外是的海面上漂浮着冰。画面主体为站姿挺拔的船长,船长是50多岁的老帅哥,船长身穿高档制服,侧脸严肃沉稳,双手举高倍望远镜贴查看前方航线。背景可见多台导航雷达屏幕微光闪烁,多名船员半身入画,低头专注操作设备,画面层次规整。稍后船长放下望远镜,表情余悦,嘴角露出得意的微笑,像是对此次航行非常满意。","[{""type"":""image"",""index"":0,""url"":""https://cos-aigc-default.agnes-ai.com/pixa/ugc_image/363451e4-2f81-4ab5-af96-ee8ac4bb951d/1783056059_cccbf3fd.jpg"",""path"":""/kwkj-k8s/SQL/data/用户输入/有水印/图片/331304687068454912_0.jpg"",""request_url"":""https://cos-aigc-default.agnes-ai.com/pixa/ugc_image/363451e4-2f81-4ab5-af96-ee8ac4bb951d/1783056059_cccbf3fd.jpg"",""manifest_entry"":true,""role"":""reference"",""exists"":true,""kind"":""image""}]",12,720P,16:9
cn300v2_b1902b93033cc61abc332a67,ref2v,6,女主拿起桌上香槟 和走过来的朋友 摇晃庆祝 奢华高贵风格氛围,"[{""type"":""image"",""index"":0,""url"":""https://cos-aigc-default.agnes-ai.com/pixa/chat_attachment/735a165a-64e8-4b47-899d-cdf7a2451a78/1778247832_dfeb207d.jpg"",""path"":""/kwkj-k8s/SQL/data/用户输入/有水印/图片/311137101693382656_0.jpg"",""request_url"":""https://cos-aigc-default.agnes-ai.com/pixa/chat_attachment/735a165a-64e8-4b47-899d-cdf7a2451a78/1778247832_dfeb207d.jpg"",""manifest_entry"":true,""role"":""reference"",""exists"":true,""kind"":""image""}]",5,720P,9:16
cn300v2_d92ef8abd5db7e1f579d4400,ref2v,6,"围绕图片一生成一段一镜到底的镜头。图片二是摄影机运动轨迹(视频中不要出现红色线条,红线条紧紧是运动轨迹),图片三是怪物三视图,图片四是骑士三视图。骑士(图片四)拖着疲惫不堪的身体站起身,拿起剑指向怪物,怪物(图片三)动作缓慢,举起法杖,重重砸向地面。摄影机运动有快有慢,镜头流畅。超写实8k画质,胶片质感,画面四周运动模糊,场景不断的落石头","[{""type"":""image"",""index"":0,""url"":""https://cos-aigc-default.agnes-ai.com/pixa/ugc_image/363451e4-2f81-4ab5-af96-ee8ac4bb951d/1782354334_68876d55.jpg"",""path"":""/kwkj-k8s/SQL/data/用户输入/有水印/图片/328410249124380672_0.jpg"",""request_url"":""https://cos-aigc-default.agnes-ai.com/pixa/ugc_image/363451e4-2f81-4ab5-af96-ee8ac4bb951d/1782354334_68876d55.jpg"",""manifest_entry"":true,""role"":""reference"",""exists"":true,""kind"":""image""},{""type"":""image"",""index"":1,""url"":""https://cos-aigc-default.agnes-ai.com/pixa/ugc_image/363451e4-2f81-4ab5-af96-ee8ac4bb951d/1782354339_cfa2688b.png"",""path"":""/kwkj-k8s/SQL/data/用户输入/有水印/图片/328410249124380672_1.png"",""request_url"":""https://cos-aigc-default.agnes-ai.com/pixa/ugc_image/363451e4-2f81-4ab5-af96-ee8ac4bb951d/1782354339_cfa2688b.png"",""manifest_entry"":true,""role"":""reference"",""exists"":true,""kind"":""image""},{""type"":""image"",""index"":2,""url"":""https://cos-aigc-default.agnes-ai.com/pixa/ugc_image/363451e4-2f81-4ab5-af96-ee8ac4bb951d/1782354366_6955c4a7.jpg"",""path"":""/kwkj-k8s/SQL/data/用户输入/有水印/图片/328410249124380672_2.jpg"",""request_url"":""https://cos-aigc-default.agnes-ai.com/pixa/ugc_image/363451e4-2f81-4ab5-af96-ee8ac4bb951d/1782354366_6955c4a7.jpg"",""manifest_entry"":true,""role"":""reference"",""exists"":true,""kind"":""image""},{""type"":""image"",""index"":3,""url"":""https://cos-aigc-default.agnes-ai.com/pixa/ugc_image/363451e4-2f81-4ab5-af96-ee8ac4bb951d/1782354370_21527cf1.jpg"",""path"":""/kwkj-k8s/SQL/data/用户输入/有水印/图片/328410249124380672_3.jpg"",""request_url"":""https://cos-aigc-default.agnes-ai.com/pixa/ugc_image/363451e4-2f81-4ab5-af96-ee8ac4bb951d/1782354370_21527cf1.jpg"",""manifest_entry"":true,""role"":""reference"",""exists"":true,""kind"":""image""}]",10,720P,9:16
cn300v2_f3ff5b58c075074e44cf5872,ref2v,6,"老旧乡村厨房场景,穿着粉裙的白色小奶猫,正睁大眼睛惊喜地看着木桌上盘子里的汉堡;旁边穿着做旧白 T 恤和棕色短裤的橘色小猫,坐在椅子上熟睡,小白猫拿起盘子里的汉堡满足的吃了起来,坐在椅子上的小橘猫宠溺地看着吃汉堡的小白猫。小白猫也幸福的边吃汉堡边看着小橘猫笑了。背景是土坯墙和旧厨具,暖黄色的自然光,真实的毛发光泽、食物与布料纹理,温馨治愈的氛围,高细节,8K 画质","[{""type"":""image"",""index"":0,""url"":""https://cos-aigc-default.agnes-ai.com/pixa/chat_attachment/735a165a-64e8-4b47-899d-cdf7a2451a78/1777259154_e0515d52.jpg"",""path"":""/kwkj-k8s/SQL/data/用户输入/有水印/图片/306990566684532736_0.jpg"",""request_url"":""https://cos-aigc-default.agnes-ai.com/pixa/chat_attachment/735a165a-64e8-4b47-899d-cdf7a2451a78/1777259154_e0515d52.jpg"",""manifest_entry"":true,""role"":""reference"",""exists"":true,""kind"":""image""},{""type"":""image"",""index"":1,""url"":""https://cos-aigc-default.agnes-ai.com/pixa/chat_attachment/735a165a-64e8-4b47-899d-cdf7a2451a78/1777259154_a0d7c0b6.jpg"",""path"":""/kwkj-k8s/SQL/data/用户输入/有水印/图片/306990566684532736_1.jpg"",""request_url"":""https://cos-aigc-default.agnes-ai.com/pixa/chat_attachment/735a165a-64e8-4b47-899d-cdf7a2451a78/1777259154_a0d7c0b6.jpg"",""manifest_entry"":true,""role"":""reference"",""exists"":true,""kind"":""image""}]",10,720P,9:16
cn300v2_096377fa92e90a3a7fdc321c,ref2v,7,"第一人称视角,图中人物隔着手机屏幕伸出手,从显示屏中穿透而出,拉住现实中我的手掌,屏幕炸开细碎裂纹,穿墙视觉效果,实景居家背景,写实真人,电影柔光,运镜平稳,无缝转场,竖屏短视频","[{""type"":""image"",""index"":0,""url"":""https://cos-aigc-default.agnes-ai.com/pixa/chat_attachment/311602e2-9644-454d-82c0-9861aa94fd88/1782549289_244a60bb.jpg"",""path"":""/kwkj-k8s/SQL/data/用户输入/有水印/图片/329178470089445376_0.jpg"",""request_url"":""https://cos-aigc-default.agnes-ai.com/pixa/chat_attachment/311602e2-9644-454d-82c0-9861aa94fd88/1782549289_244a60bb.jpg"",""manifest_entry"":true,""role"":""reference"",""exists"":true,""kind"":""image""}]",8,720P,9:16
cn300v2_4f17740b5c1cd70e0bb99111,ref2v,7,"总体风格 :电影感超现实,高对比度,8K超写实,枯黄地貌,阴郁灯光,大气深度,细腻纹理。 图片一:[低角度镜头] 一个孤独的旅行者站在广袤的枯黄草原上,头顶是超现实的天空。整个苍穹铺满了成千上万扇古老、风化的木门。角色仰头,脑袋缓慢左右转动,眼神中充满好奇,瞳孔中倒映着门扉交错的网格。干冷的风吹过周围金色的枯草。 图片二:[特写] 聚焦于天空中一扇华丽的木门。门扉剧烈颤动,仿佛内部有重物正在猛烈撞击。随着每一次“铛铛”的撞击感,木屑飞溅,尘土落下。突然,大门在碎片爆裂中被撞开,一团粘稠如墨的黑影冲向空中。 图片三:[全景] 黑影如沉重的液体般坠落在枯黄的地面上。撞击瞬间,浓稠旋转的黑雾从中心爆发,在地面上迅速爬行蔓延。金色的枯草被侵蚀而来的黑雾吞噬,将生动的场景转化为单色的虚无。镜头向后拉远,展示黑暗逼近的宏大规模。","[{""type"":""image"",""index"":0,""url"":""https://cos-aigc-default.agnes-ai.com/2/ugc_image/363451e4-2f81-4ab5-af96-ee8ac4bb951d/1778660372_b5565e9e.png"",""path"":""/kwkj-k8s/SQL/data/用户输入/有水印/图片/312869660085370880_0.png"",""request_url"":""https://cos-aigc-default.agnes-ai.com/2/ugc_image/363451e4-2f81-4ab5-af96-ee8ac4bb951d/1778660372_b5565e9e.png"",""manifest_entry"":true,""role"":""reference"",""exists"":true,""kind"":""image""},{""type"":""image"",""index"":1,""url"":""https://cos-aigc-default.agnes-ai.com/2/ugc_image/363451e4-2f81-4ab5-af96-ee8ac4bb951d/1778660377_918b941d.png"",""path"":""/kwkj-k8s/SQL/data/用户输入/有水印/图片/312869660085370880_1.png"",""request_url"":""https://cos-aigc-default.agnes-ai.com/2/ugc_image/363451e4-2f81-4ab5-af96-ee8ac4bb951d/1778660377_918b941d.png"",""manifest_entry"":true,""role"":""reference"",""exists"":true,""kind"":""image""},{""type"":""image"",""index"":2,""url"":""https://cos-aigc-default.agnes-ai.com/2/ugc_image/363451e4-2f81-4ab5-af96-ee8ac4bb951d/1778660380_03670595.jpg"",""path"":""/kwkj-k8s/SQL/data/用户输入/有水印/图片/312869660085370880_2.jpg"",""request_url"":""https://cos-aigc-default.agnes-ai.com/2/ugc_image/363451e4-2f81-4ab5-af96-ee8ac4bb951d/1778660380_03670595.jpg"",""manifest_entry"":true,""role"":""reference"",""exists"":true,""kind"":""image""}]",8,720P,1:1
cn300v2_4fb7bfd66c36a5d92a40e4ad,ref2v,7,"小女孩调皮的将水洒在父亲身上,庭院里的小女孩笑着举着浇花水管,水流持续喷向躺椅上的男子,男子被水浇得仰头张嘴、闭眼皱眉,水花在镜头前飞溅。营造出怀旧、温暖的年代氛围,电影级质感,模糊损坏画质,照片右上角损坏,动态流畅不崩坏","[{""type"":""image"",""index"":0,""url"":""https://cos-aigc-default.agnes-ai.com/pixa/chat_attachment/735a165a-64e8-4b47-899d-cdf7a2451a78/1777442862_666885b2.jpg"",""path"":""/kwkj-k8s/SQL/data/用户输入/有水印/图片/307761765404450816_0.jpg"",""request_url"":""https://cos-aigc-default.agnes-ai.com/pixa/chat_attachment/735a165a-64e8-4b47-899d-cdf7a2451a78/1777442862_666885b2.jpg"",""manifest_entry"":true,""role"":""reference"",""exists"":true,""kind"":""image""}]",8,720P,3:4
cn300v2_73979390f119cee2a8930fa1,ref2v,7,"运镜:丧尸正面中景对战→拳头冲击慢放全景 画面:丧尸统领挥出腐蚀重拳震裂墙体,邱阳侧身轻松闪避,蓄力出拳; 特写拳头击穿怪物硬化铠甲,贯穿脑核,丧尸僵硬倒地砸起大片红雨水。 无台词 音效 BGM:丧尸嘶吼、墙体碎裂声,战斗 BGM 拉满;铠甲碎裂咔嚓声、重物落地巨响,背景音乐迎来高潮。","[{""type"":""image"",""index"":0,""url"":""https://cos-aigc-default.agnes-ai.com/pixa/chat_attachment/4792db61-9d3c-4c38-ab55-8431e0dd00bf/1784539132_124753bc.jpg"",""path"":""/kwkj-k8s/SQL/data/用户输入/有水印/图片/337524906753462272_0.jpg"",""request_url"":""https://cos-aigc-default.agnes-ai.com/pixa/chat_attachment/4792db61-9d3c-4c38-ab55-8431e0dd00bf/1784539132_124753bc.jpg"",""manifest_entry"":true,""role"":""reference"",""exists"":true,""kind"":""image""}]",12,720P,9:16
cn300v2_c9e8b2d3323b8da994d32fbb,ref2v,7,"辽阔海面,乌云低压,海浪翻涌。一艘现代化驱逐舰以破浪前行,金属甲板反射冷冽天光。镜头低位贴近海面推进,跟随舰艏劈开水流形成巨大的白色浪墙参照图片一。 驱逐舰尾部垂直发射系统启动,厚重的发射舱盖缓缓开启,机械结构精密运作,金属碰撞声在风浪中回荡。火箭点火瞬间爆发出炽白烈焰与浓密尾焰烟流,巨大的推力将导弹从发射井中猛烈推出。慢动作镜头切换:导弹冲出甲板,尾焰撕裂空气,火光与蒸汽交织,强烈震动掀起海面水雾。镜头紧贴导弹快速拉远,导弹直入高空参考图片二。 最终瞬间,强烈冲击波爆发,巨大的火球与黑色烟云向四周扩散,城市天际线被爆炸光芒吞没,画面进入高对比慢动作,碎片与火焰在空中冻结般扩散参照图片三。","[{""type"":""image"",""index"":0,""url"":""https://cos-aigc-default.agnes-ai.com/pixa/ugc_image/363451e4-2f81-4ab5-af96-ee8ac4bb951d/1780987905_f6ab103a.jpg"",""path"":""/kwkj-k8s/SQL/data/用户输入/有水印/图片/322640047757238272_0.jpg"",""request_url"":""https://cos-aigc-default.agnes-ai.com/pixa/ugc_image/363451e4-2f81-4ab5-af96-ee8ac4bb951d/1780987905_f6ab103a.jpg"",""manifest_entry"":true,""role"":""reference"",""exists"":true,""kind"":""image""},{""type"":""image"",""index"":1,""url"":""https://cos-aigc-default.agnes-ai.com/pixa/ugc_image/363451e4-2f81-4ab5-af96-ee8ac4bb951d/1780987911_4621cd06.jpg"",""path"":""/kwkj-k8s/SQL/data/用户输入/有水印/图片/322640047757238272_1.jpg"",""request_url"":""https://cos-aigc-default.agnes-ai.com/pixa/ugc_image/363451e4-2f81-4ab5-af96-ee8ac4bb951d/1780987911_4621cd06.jpg"",""manifest_entry"":true,""role"":""reference"",""exists"":true,""kind"":""image""},{""type"":""image"",""index"":2,""url"":""https://cos-aigc-default.agnes-ai.com/pixa/ugc_image/363451e4-2f81-4ab5-af96-ee8ac4bb951d/1780987919_4c66bc6a.jpg"",""path"":""/kwkj-k8s/SQL/data/用户输入/有水印/图片/322640047757238272_2.jpg"",""request_url"":""https://cos-aigc-default.agnes-ai.com/pixa/ugc_image/363451e4-2f81-4ab5-af96-ee8ac4bb951d/1780987919_4c66bc6a.jpg"",""manifest_entry"":true,""role"":""reference"",""exists"":true,""kind"":""image""}]",12,720P,9:16
cn300v2_3380d4886cdbd8f5dc76dee6,ref2v,8,"将背景变为室外,中景,图片一的娃娃娇羞的对着镜头眨眼,悄悄低下头,手握住背包带子。摄影机环绕角色快速360度环绕,角色变装为图片二,场景保持图片一,图片二慢动作一只手抄兜一只手将眼镜戴上。","[{""type"":""image"",""index"":0,""url"":""https://cos-aigc-default.agnes-ai.com/2/ugc_image/363451e4-2f81-4ab5-af96-ee8ac4bb951d/1778050381_2184ba86.png"",""path"":""/kwkj-k8s/SQL/data/用户输入/有水印/图片/310325512870428672_0.png"",""request_url"":""https://cos-aigc-default.agnes-ai.com/2/ugc_image/363451e4-2f81-4ab5-af96-ee8ac4bb951d/1778050381_2184ba86.png"",""manifest_entry"":true,""role"":""reference"",""exists"":true,""kind"":""image""},{""type"":""image"",""index"":1,""url"":""https://cos-aigc-default.agnes-ai.com/2/ugc_image/363451e4-2f81-4ab5-af96-ee8ac4bb951d/1778050431_3c6db09d.png"",""path"":""/kwkj-k8s/SQL/data/用户输入/有水印/图片/310325512870428672_1.png"",""request_url"":""https://cos-aigc-default.agnes-ai.com/2/ugc_image/363451e4-2f81-4ab5-af96-ee8ac4bb951d/1778050431_3c6db09d.png"",""manifest_entry"":true,""role"":""reference"",""exists"":true,""kind"":""image""}]",7,720P,9:16
cn300v2_445f1fdac39f8008a6249725,ref2v,8,"生成一个关于奢华金箔香水瓶的电影级广告视频。水晶刻面的玻璃瓶身放置在潮湿的黑色火山石上。瓶内液体中的金箔在优雅地旋转。动感、清脆的水花在瓶身周围和后方爆炸般飞溅,捕捉着棚拍灯光。高品质广告风格,慢动作动作,戏剧性灯光,清晰对焦于玻璃纹理和水滴。[Reference Image 1]","[{""type"":""image"",""index"":0,""url"":""https://cos-aigc-default.agnes-ai.com/self-m11-watermarks/water-pavo-a43684806060-0-2e5eb7c5125d.jpg"",""path"":""/kwkj-k8s/SQL/data/用户输入/有水印/图片/331013525099114496_0.jpg"",""request_url"":""https://cos-aigc-default.agnes-ai.com/self-m11-watermarks/water-pavo-a43684806060-0-2e5eb7c5125d.jpg"",""manifest_entry"":true,""role"":""reference"",""exists"":true,""kind"":""image""}]",10,720P,9:16
cn300v2_77569a43ae490c14d472665e,ref2v,8,"0–3 秒 镜头从婚礼大厅后方低机位开始,缓慢向前推进。两侧宾客坐满,白色花艺、蜡烛、椅背、吊灯反光从画面两边滑过。整体很浪漫、很昂贵。 3–6 秒 镜头继续向前,仪式台逐渐清晰。新郎和新娘出现在画面中央,面对面站着。新娘穿白色婚纱,新郎穿黑色西装,两人手牵着手,宾客安静看着他们。","[{""type"":""image"",""index"":0,""url"":""https://cos-aigc-default.agnes-ai.com/pixa/chat_attachment/edecb692-1207-4743-b899-de615f4d060c/1779341900_4d9a7bb0.jpg"",""path"":""/kwkj-k8s/SQL/data/用户输入/有水印/图片/315725719439233024_0.jpg"",""request_url"":""https://cos-aigc-default.agnes-ai.com/pixa/chat_attachment/edecb692-1207-4743-b899-de615f4d060c/1779341900_4d9a7bb0.jpg"",""manifest_entry"":true,""role"":""reference"",""exists"":true,""kind"":""image""}]",6,720P,9:16
cn300v2_d55d998acfa26b9c7aca3d73,ref2v,8,"左边的角色拿着镰刀和右边的角色拿着法杖发生激烈战斗,左边角色挥舞镰刀伴随着暗红紫黑色特效,步步紧逼右边角色,右边角色一次又一次想用手里的魔杖释放魔法,次次被打断,右边的角色艰难的躲闪左边角色的攻击,右边角色紧张流汗,最后被左边的角色使出全力用镰刀的镰柄攻击到腹部,被击飞摔在地上滚几圈后吐血。","[{""type"":""image"",""index"":0,""url"":""https://cos-aigc-default.agnes-ai.com/pixa/chat_attachment/dcaa6e29-f304-4119-8592-1dd0f910da27/1777796918_99c60985.jpg"",""path"":""/kwkj-k8s/SQL/data/用户输入/有水印/图片/309248383537741824_0.jpg"",""request_url"":""https://cos-aigc-default.agnes-ai.com/pixa/chat_attachment/dcaa6e29-f304-4119-8592-1dd0f910da27/1777796918_99c60985.jpg"",""manifest_entry"":true,""role"":""reference"",""exists"":true,""kind"":""image""}]",10,720P,16:9
cn300v2_fce8c1b8edab941f4534906f,ref2v,8,"陆沉突然关掉手电(特写关闭手电筒)。巷子暗下来。沈骁探头(中景),看到巷子里已经没人(沈骁主观视角)刚要冲出拐角。下一秒,陆沉已经站在前方(全景)。沈骁猛地刹住,笑了一下:“你比我想的聪明。”陆沉盯着(特写盯着的动作)他怀里的录音笔(特写录音笔):“你也比我想的更怕输。”","[{""type"":""image"",""index"":0,""url"":""https://cos-aigc-default.agnes-ai.com/pixa/ugc_image/363451e4-2f81-4ab5-af96-ee8ac4bb951d/1783578790_0337c1ee.jpg"",""path"":""/kwkj-k8s/SQL/data/用户输入/有水印/图片/333499477956620288_0.jpg"",""request_url"":""https://cos-aigc-default.agnes-ai.com/pixa/ugc_image/363451e4-2f81-4ab5-af96-ee8ac4bb951d/1783578790_0337c1ee.jpg"",""manifest_entry"":true,""role"":""reference"",""exists"":true,""kind"":""image""},{""type"":""image"",""index"":1,""url"":""https://cos-aigc-default.agnes-ai.com/pixa/ugc_image/363451e4-2f81-4ab5-af96-ee8ac4bb951d/1783578793_d9da064e.jpg"",""path"":""/kwkj-k8s/SQL/data/用户输入/有水印/图片/333499477956620288_1.jpg"",""request_url"":""https://cos-aigc-default.agnes-ai.com/pixa/ugc_image/363451e4-2f81-4ab5-af96-ee8ac4bb951d/1783578793_d9da064e.jpg"",""manifest_entry"":true,""role"":""reference"",""exists"":true,""kind"":""image""},{""type"":""image"",""index"":2,""url"":""https://cos-aigc-default.agnes-ai.com/pixa/ugc_image/363451e4-2f81-4ab5-af96-ee8ac4bb951d/1783578796_a15ab714.jpg"",""path"":""/kwkj-k8s/SQL/data/用户输入/有水印/图片/333499477956620288_2.jpg"",""request_url"":""https://cos-aigc-default.agnes-ai.com/pixa/ugc_image/363451e4-2f81-4ab5-af96-ee8ac4bb951d/1783578796_a15ab714.jpg"",""manifest_entry"":true,""role"":""reference"",""exists"":true,""kind"":""image""}]",8,720P,9:16
cn300v2_0ae699c7842031e3c285fe1f,ref2v,9,"固定镜头,电影级柔光特写镜头,真人图片变为超真实3D迷你小娃娃,手掌托着超迷你的 3D 写实娃娃,娃娃站在手掌上,一只手指戳了戳小娃娃的脸颊,小娃娃露出生气的表情,光影柔和,无瑕疵,超高清,8K 分辨率,照片级真实感","[{""type"":""image"",""index"":0,""url"":""https://cos-aigc-default.agnes-ai.com/pixa/chat_attachment/735a165a-64e8-4b47-899d-cdf7a2451a78/1778038347_a17148a9.jpg"",""path"":""/kwkj-k8s/SQL/data/用户输入/有水印/图片/310258206534369280_0.jpg"",""request_url"":""https://cos-aigc-default.agnes-ai.com/pixa/chat_attachment/735a165a-64e8-4b47-899d-cdf7a2451a78/1778038347_a17148a9.jpg"",""manifest_entry"":true,""role"":""reference"",""exists"":true,""kind"":""image""}]",8,720P,9:16
cn300v2_10377f9e77aa0f77156d4b32,ref2v,9,"大师级运镜,女子的嘴凑到男子嘴边慢慢说了句“Dear”,男子表情特写邪魅一笑说“you're so naughty.”,镜头切换至中景然后男子把女子推到沙发上,男子亲吻上女子的脖子,两人嘴唇接吻特写,氛围浪漫","[{""type"":""image"",""index"":0,""url"":""https://cos-aigc-default.agnes-ai.com/pixa/chat_attachment/735a165a-64e8-4b47-899d-cdf7a2451a78/1778059389_4bb2e4c4.jpg"",""path"":""/kwkj-k8s/SQL/data/用户输入/有水印/图片/310346761633951744_0.jpg"",""request_url"":""https://cos-aigc-default.agnes-ai.com/pixa/chat_attachment/735a165a-64e8-4b47-899d-cdf7a2451a78/1778059389_4bb2e4c4.jpg"",""manifest_entry"":true,""role"":""reference"",""exists"":true,""kind"":""image""}]",10,720P,9:16
cn300v2_49ca5adeef7d951cd0e9dd4b,ref2v,9,"固定镜头,将这个场景和图标进行结合,做高级审美的动态效果,我需要看到完整的方形图标和文字“Agnes”在正中央并且大小合适,背景板是缓慢流动的,图标和文字要有自然流畅的出现动画。","[{""type"":""image"",""index"":0,""url"":""https://cos-aigc-default.agnes-ai.com/pixa/ugc_image/eb2ea441-8e7e-499c-8df2-d50ca4f53134/1784865400_7664b09c.png"",""path"":""/kwkj-k8s/SQL/data/用户输入/有水印/图片/338894044740509696_0.png"",""request_url"":""https://cos-aigc-default.agnes-ai.com/pixa/ugc_image/eb2ea441-8e7e-499c-8df2-d50ca4f53134/1784865400_7664b09c.png"",""manifest_entry"":true,""role"":""reference"",""exists"":true,""kind"":""image""},{""type"":""image"",""index"":1,""url"":""https://cos-aigc-default.agnes-ai.com/pixa/ugc_image/eb2ea441-8e7e-499c-8df2-d50ca4f53134/1784865414_fc66e9ae.png"",""path"":""/kwkj-k8s/SQL/data/用户输入/有水印/图片/338894044740509696_1.png"",""request_url"":""https://cos-aigc-default.agnes-ai.com/pixa/ugc_image/eb2ea441-8e7e-499c-8df2-d50ca4f53134/1784865414_fc66e9ae.png"",""manifest_entry"":true,""role"":""reference"",""exists"":true,""kind"":""image""}]",8,720P,9:16
cn300v2_509adfd35de476a53d9e73e6,ref2v,9,"帝王过肩镜头,固定镜头 帝王黑衣服看向快要原地崩溃的大将军白衣服,内心无比同情,看着对方仿佛马上就要碎掉 帝王视角看向濒临崩溃的大将军 内心独白麻木平静的中性少女音:“我感觉将军要碎了”。保持站位,画风不变","[{""type"":""image"",""index"":0,""url"":""https://cos-aigc-default.agnes-ai.com/pixa/chat_attachment/f3470a8f-b1b2-4c27-a511-e9ff2c82d710/1782281335_bc2c90f1.jpg"",""path"":""/kwkj-k8s/SQL/data/用户输入/有水印/图片/328055199524663296_0.jpg"",""request_url"":""https://cos-aigc-default.agnes-ai.com/pixa/chat_attachment/f3470a8f-b1b2-4c27-a511-e9ff2c82d710/1782281335_bc2c90f1.jpg"",""manifest_entry"":true,""role"":""reference"",""exists"":true,""kind"":""image""}]",6,720P,16:9
cn300v2_d7283640a1aedb2a88c31eba,ref2v,9,"画面内容 她手握剑柄。 下一秒剑气爆发。 提示词(中文) 中国女剑仙缓缓拔剑,剑气爆发,强烈能量冲击,红色衣袍翻飞,黑色长发狂乱飞舞,眼神凌厉,动作干净利落,电影级运镜,慢动作,高燃战斗氛围,东方玄幻,粒子特效,超高细节,史诗级画面","[{""type"":""image"",""index"":0,""url"":""https://cos-aigc-default.agnes-ai.com/pixa/chat_attachment/735a165a-64e8-4b47-899d-cdf7a2451a78/1779763006_c55a8656.png"",""path"":""/kwkj-k8s/SQL/data/用户输入/有水印/图片/317494616274313216_0.png"",""request_url"":""https://cos-aigc-default.agnes-ai.com/pixa/chat_attachment/735a165a-64e8-4b47-899d-cdf7a2451a78/1779763006_c55a8656.png"",""manifest_entry"":true,""role"":""reference"",""exists"":true,""kind"":""image""}]",8,720P,9:16
cn300v2_3ebb802d1767e6805ae66b50,ref2v,10,"根据图片制作一个特写镜头(特写上半身),手持白玉如意的月德贵人看向手上悬空的月光发轮,大风吹来,吹动她的衣服和飘带,近景特写镜头。前景有云雾吹过,图片只是参考画面风格,月德贵人的人设,具体制作要根据文本内容来制作","[{""type"":""image"",""index"":0,""url"":""https://cos-aigc-default.agnes-ai.com/pixa/ugc_image/72aa5bf3-91a3-45e7-98bc-8618579d6c4a/1785181229_43945ef3.jpg"",""path"":""/kwkj-k8s/SQL/data/用户输入/有水印/图片/340218897521389568_0.jpg"",""request_url"":""https://cos-aigc-default.agnes-ai.com/pixa/ugc_image/72aa5bf3-91a3-45e7-98bc-8618579d6c4a/1785181229_43945ef3.jpg"",""manifest_entry"":true,""role"":""reference"",""exists"":true,""kind"":""image""}]",5,720P,16:9
cn300v2_513f2321256b88ed60868302,ref2v,10,"一位留着黑色短发的年轻女子穿着白色棒球服,坐在体育场的观众席上,她正专注地望向球场方向,身体微微前倾,随着比赛的进行,她轻轻点头,最终画面定格在她微微张嘴、神情专注的正面特写,镜头从侧面跟随她的视线平移后固定。","[{""type"":""image"",""index"":0,""url"":""https://cos-aigc-default.agnes-ai.com/pixa/chat_attachment/bcb0b549-f51c-4f8d-be4b-8fddc5e47255/1778455901_31f8440e.png"",""path"":""/kwkj-k8s/SQL/data/用户输入/有水印/图片/312009486097231872_0.png"",""request_url"":""https://cos-aigc-default.agnes-ai.com/pixa/chat_attachment/bcb0b549-f51c-4f8d-be4b-8fddc5e47255/1778455901_31f8440e.png"",""manifest_entry"":true,""role"":""reference"",""exists"":true,""kind"":""image""}]",6,720P,9:16
cn300v2_967725caf36210b9db767936,ref2v,10,"图片中的女生站在浴缸里,摄像机正上方俯拍,图片中的女生抬头仰看摄像头。女生在浴缸里盯着摄像头转圈圈,眼神迷离,表情搞怪可爱,嘴上叼着橡皮圈,把嘴里的橡皮圈用手绑头发。背景音乐使用:Imjustyourtype,角色每次扭动都卡上节奏","[{""type"":""image"",""index"":0,""url"":""https://cos-aigc-default.agnes-ai.com/2/ugc_image/363451e4-2f81-4ab5-af96-ee8ac4bb951d/1777369127_2639cac2.jpg"",""path"":""/kwkj-k8s/SQL/data/用户输入/有水印/图片/307454353019502592_0.jpg"",""request_url"":""https://cos-aigc-default.agnes-ai.com/2/ugc_image/363451e4-2f81-4ab5-af96-ee8ac4bb951d/1777369127_2639cac2.jpg"",""manifest_entry"":true,""role"":""reference"",""exists"":true,""kind"":""image""}]",10,720P,16:9
cn300v2_cb7ab5c3c539e6b693e9abf8,ref2v,10,"九千岁中景 九千岁紫色衣服,低头沉吟思考两秒,随后抬头给出最终安排,语气像布置课堂作业 九千岁立于原位,从容安排任务 九千岁(沉吟片刻)低哑阴柔的年轻男子声音:“当作小组作业吧。纸质版计划明天之前交。”中文","[{""type"":""image"",""index"":0,""url"":""https://cos-aigc-default.agnes-ai.com/pixa/chat_attachment/f3470a8f-b1b2-4c27-a511-e9ff2c82d710/1781695737_8b7ae1f3.jpg"",""path"":""/kwkj-k8s/SQL/data/用户输入/有水印/图片/327391147274158080_0.jpg"",""request_url"":""https://cos-aigc-default.agnes-ai.com/pixa/chat_attachment/f3470a8f-b1b2-4c27-a511-e9ff2c82d710/1781695737_8b7ae1f3.jpg"",""manifest_entry"":true,""role"":""reference"",""exists"":true,""kind"":""image""}]",8,720P,16:9
cn300v2_f042c5f0880099dd9044b149,ref2v,10,"镜头29(3秒) 景别:眼部特写 画面 眼眶渐渐泛红。 镜头30(3秒) 景别:极近特写(结尾镜头) 画面 一滴眼泪砸落在名片上。 音效 ""啪。"" 第一张是礼堂后台,第二张是陈默,第三张是林知寒,按照镜头生成12秒视频,不要拿话筒","[{""type"":""image"",""index"":0,""url"":""https://cos-aigc-default.agnes-ai.com/pixa/chat_attachment/4ae4ec77-95bf-46cc-91ad-ab01f0668f76/1780316744_8fc6826c.png"",""path"":""/kwkj-k8s/SQL/data/用户输入/有水印/图片/320151650073374720_0.png"",""request_url"":""https://cos-aigc-default.agnes-ai.com/pixa/chat_attachment/4ae4ec77-95bf-46cc-91ad-ab01f0668f76/1780316744_8fc6826c.png"",""manifest_entry"":true,""role"":""reference"",""exists"":true,""kind"":""image""},{""type"":""image"",""index"":1,""url"":""https://cos-aigc-default.agnes-ai.com/pixa/chat_attachment/4ae4ec77-95bf-46cc-91ad-ab01f0668f76/1779429367_09e682c1.png"",""path"":""/kwkj-k8s/SQL/data/用户输入/有水印/图片/320151650073374720_1.png"",""request_url"":""https://cos-aigc-default.agnes-ai.com/pixa/chat_attachment/4ae4ec77-95bf-46cc-91ad-ab01f0668f76/1779429367_09e682c1.png"",""manifest_entry"":true,""role"":""reference"",""exists"":true,""kind"":""image""},{""type"":""image"",""index"":2,""url"":""https://cos-aigc-default.agnes-ai.com/pixa/chat_attachment/4ae4ec77-95bf-46cc-91ad-ab01f0668f76/1779429372_5a50ab4a.png"",""path"":""/kwkj-k8s/SQL/data/用户输入/有水印/图片/320151650073374720_2.png"",""request_url"":""https://cos-aigc-default.agnes-ai.com/pixa/chat_attachment/4ae4ec77-95bf-46cc-91ad-ab01f0668f76/1779429372_5a50ab4a.png"",""manifest_entry"":true,""role"":""reference"",""exists"":true,""kind"":""image""}]",12,720P,9:16
cn300v2_5565229bd692dd60fb0746dd,ref2v,11,"""镜头序号"",""时长"",""景别"",""画面描述"",""台词"",""情绪"" ""1"",""0-10秒"",""双人近景慢推"",""温馨卧室柔光环境,男女主身穿全新简约干净居家私服,穿搭清爽温柔,两人近距离面对面,鼻尖咫尺,静静深情对视,眼神拉丝,轻微呼吸微动,镜头缓慢推脸,画面极致暧昧"",""女主(小声软糯):你干嘛一直盯着我... 男主(低沉温柔):因为你很好看。"",""羞涩心动、极致暧昧、克制宠溺""","[{""type"":""image"",""index"":0,""url"":""https://cos-aigc-default.agnes-ai.com/pixa/chat_attachment/d101dda7-2660-45ce-b849-789315bb80d6/1785039049_22131074.jpg"",""path"":""/kwkj-k8s/SQL/data/用户输入/有水印/图片/339621519013732352_0.jpg"",""request_url"":""https://cos-aigc-default.agnes-ai.com/pixa/chat_attachment/d101dda7-2660-45ce-b849-789315bb80d6/1785039049_22131074.jpg"",""manifest_entry"":true,""role"":""reference"",""exists"":true,""kind"":""image""},{""type"":""image"",""index"":1,""url"":""https://cos-aigc-default.agnes-ai.com/pixa/chat_attachment/d101dda7-2660-45ce-b849-789315bb80d6/1785039049_f86b3dea.jpg"",""path"":""/kwkj-k8s/SQL/data/用户输入/有水印/图片/339621519013732352_1.jpg"",""request_url"":""https://cos-aigc-default.agnes-ai.com/pixa/chat_attachment/d101dda7-2660-45ce-b849-789315bb80d6/1785039049_f86b3dea.jpg"",""manifest_entry"":true,""role"":""reference"",""exists"":true,""kind"":""image""}]",10,720P,9:16
cn300v2_87102120278ea99e0cd1270c,ref2v,11,"亚洲男性,黑色西装白衬衫黑领带, 在黑暗工业仓库中独自跳舞, 【场景】 废弃工业厂房, 大面积反光混凝土地板, 混凝土柱子, 侧面透光格栅窗, 顶部工业吊灯, 背景多人虚化剪影, 整体低调冷暗色调, 【舞蹈动作】 图一从低头双臂展开蓄力姿势开始, 随节奏做出有力舒展动作, 身体流畅律动, 动作幅度大,张力感强, 【变身过程】 随舞蹈动作加大, 图二逐渐浮现, 两人形态在舞动中相互融合, 西装与背心材质交替出现, 如幻影重叠般自然过渡, 始终保持舞蹈节奏不中断, 【画面质感】 去饱和冷灰色调, 电影级手持摄影感, 动态模糊, 地板反光强烈, 轮廓光勾边, 顶级商业MV质感","[{""type"":""image"",""index"":0,""url"":""https://cos-aigc-default.agnes-ai.com/pixa/chat_attachment/c06698d7-c192-40bd-839d-78025354a3dd/1778033130_ad797ee7.png"",""path"":""/kwkj-k8s/SQL/data/用户输入/有水印/图片/310238714160783360_0.png"",""request_url"":""https://cos-aigc-default.agnes-ai.com/pixa/chat_attachment/c06698d7-c192-40bd-839d-78025354a3dd/1778033130_ad797ee7.png"",""manifest_entry"":true,""role"":""reference"",""exists"":true,""kind"":""image""},{""type"":""image"",""index"":1,""url"":""https://cos-aigc-default.agnes-ai.com/pixa/chat_attachment/c06698d7-c192-40bd-839d-78025354a3dd/1778033130_fcbede11.png"",""path"":""/kwkj-k8s/SQL/data/用户输入/有水印/图片/310238714160783360_1.png"",""request_url"":""https://cos-aigc-default.agnes-ai.com/pixa/chat_attachment/c06698d7-c192-40bd-839d-78025354a3dd/1778033130_fcbede11.png"",""manifest_entry"":true,""role"":""reference"",""exists"":true,""kind"":""image""}]",5,720P,16:9
cn300v2_9a00e1af543d9e32e1655494,ref2v,11,"关键句: 只参考镜头顺序、人物调度、场景关系、步法动线、指劲特效和高潮推进;不要保留分镜格子、编号、标题、中文文字、白色说明栏和边框。 视频节奏: 10–12秒,动作要快、准、利。 前半段:凌波微步破近身 中段:白衣擦锋、指劲破锋、隔空破物 后段:多人合围、步影穿阵、一线破阵、收指归静 特效控制: 凌波微步不要做成瞬移,要用水纹、衣摆残影、错位动线。 一阳指不要做成粗大激光,要用极细金白气线,细、锐、准。 安全写法: 用“破招、封势、震退、定住动作节奏、武侠对练” 少写“点杀、要害、穿透人体、致命攻击”这类词。","[{""type"":""image"",""index"":0,""url"":""https://cos-aigc-default.agnes-ai.com/pixa/chat_attachment/4ae4ec77-95bf-46cc-91ad-ab01f0668f76/1781686863_97709e99.png"",""path"":""/kwkj-k8s/SQL/data/用户输入/有水印/图片/325570370841178112_0.png"",""request_url"":""https://cos-aigc-default.agnes-ai.com/pixa/chat_attachment/4ae4ec77-95bf-46cc-91ad-ab01f0668f76/1781686863_97709e99.png"",""manifest_entry"":true,""role"":""reference"",""exists"":true,""kind"":""image""}]",12,720P,9:16
cn300v2_e6de188e7f70c93559f6fcb2,ref2v,11,"图一男子身穿白色衬衫戴着墨镜对图二的男人和女人说:他想照样再要一份! 图二的男人对图二的女人说:那黑厮不会零元购吧? 图二的女人用东北口音说:只能碰碰运气。 图二的男人对图一男子说:给他上一份,但鸡爪不要去骨,冰红茶不要上冰的,知道吗? 图二的背景保留不变,要求三人同框。 要求生成的视频无字幕无背景音乐","[{""type"":""image"",""index"":0,""url"":""https://cos-aigc-default.agnes-ai.com/pixa/chat_attachment/7bd9339e-0ddb-4379-b3ca-c416ff261fdb/1779546770_fe60ec27.jpg"",""path"":""/kwkj-k8s/SQL/data/用户输入/有水印/图片/316587916746915840_0.jpg"",""request_url"":""https://cos-aigc-default.agnes-ai.com/pixa/chat_attachment/7bd9339e-0ddb-4379-b3ca-c416ff261fdb/1779546770_fe60ec27.jpg"",""manifest_entry"":true,""role"":""reference"",""exists"":true,""kind"":""image""},{""type"":""image"",""index"":1,""url"":""https://cos-aigc-default.agnes-ai.com/pixa/chat_attachment/7bd9339e-0ddb-4379-b3ca-c416ff261fdb/1779546771_31a56c26.png"",""path"":""/kwkj-k8s/SQL/data/用户输入/有水印/图片/316587916746915840_1.png"",""request_url"":""https://cos-aigc-default.agnes-ai.com/pixa/chat_attachment/7bd9339e-0ddb-4379-b3ca-c416ff261fdb/1779546771_31a56c26.png"",""manifest_entry"":true,""role"":""reference"",""exists"":true,""kind"":""image""}]",5,720P,16:9
cn300v2_f8c7c5ea46fc99acb56c28ce,ref2v,11,"帮我生成一个视频:帮我生成图片:1:1,女方比耶,靠着男生肩膀,女方留着长卷发,发丝柔顺垂在肩头,上身穿浅色宽松针织衫,搭配纯高腰短裤,露出细白修长的大长腿,脚上是高帮匡威鞋;男方穿着同色系毛衣。背景为他们的广告海报(海报里是第1张图的婚纱照),被很多粉丝包围,除情侣外所有人物脸虚化,镜头前景有粉丝手牌遮挡,情侣面部清晰不变形、皮肤白皙通透,高清画质,镜头轻微抖动,中度颗粒感,画面中心为情侣,具有高级感。两个人自然互动,营业。。。Challenge.","[{""type"":""image"",""index"":0,""url"":""https://cos-aigc-default.agnes-ai.com/pixa/chat_attachment/baaa3302-3793-4474-b879-1185e0dc51c3/1779043428_ecb97788.jpg"",""path"":""/kwkj-k8s/SQL/data/用户输入/有水印/图片/314864922114740224_0.jpg"",""request_url"":""https://cos-aigc-default.agnes-ai.com/pixa/chat_attachment/baaa3302-3793-4474-b879-1185e0dc51c3/1779043428_ecb97788.jpg"",""manifest_entry"":true,""role"":""reference"",""exists"":true,""kind"":""image""},{""type"":""image"",""index"":1,""url"":""https://cos-aigc-default.agnes-ai.com/pixa/chat_attachment/baaa3302-3793-4474-b879-1185e0dc51c3/1779043427_d024ba67.jpg"",""path"":""/kwkj-k8s/SQL/data/用户输入/有水印/图片/314864922114740224_1.jpg"",""request_url"":""https://cos-aigc-default.agnes-ai.com/pixa/chat_attachment/baaa3302-3793-4474-b879-1185e0dc51c3/1779043427_d024ba67.jpg"",""manifest_entry"":true,""role"":""reference"",""exists"":true,""kind"":""image""},{""type"":""image"",""index"":2,""url"":""https://cos-aigc-default.agnes-ai.com/pixa/chat_attachment/baaa3302-3793-4474-b879-1185e0dc51c3/1779043428_a7114c57.png"",""path"":""/kwkj-k8s/SQL/data/用户输入/有水印/图片/314864922114740224_2.png"",""request_url"":""https://cos-aigc-default.agnes-ai.com/pixa/chat_attachment/baaa3302-3793-4474-b879-1185e0dc51c3/1779043428_a7114c57.png"",""manifest_entry"":true,""role"":""reference"",""exists"":true,""kind"":""image""}]",5,720P,9:16
cn300v2_1665a82fc7bdfa59f1a77e57,ref2v,12,"平淡而又伤感的语气[Reference Image 1]:我总说下次陪她逛老街,下次陪她吃饭,下次好好陪伴。 我以为岁月漫长,却忘了长辈的时光经不起等待。那些随口说出口的下次,最后全都变成终生遗憾!","[{""type"":""image"",""index"":0,""url"":""https://cos-aigc-default.agnes-ai.com/pixa/ugc_image/786d449b-d034-4aea-ac3e-5e2a56dd7052/1784440602_2c7604b7.png"",""path"":""/kwkj-k8s/SQL/data/用户输入/有水印/图片/337111792224391168_0.png"",""request_url"":""https://cos-aigc-default.agnes-ai.com/pixa/ugc_image/786d449b-d034-4aea-ac3e-5e2a56dd7052/1784440602_2c7604b7.png"",""manifest_entry"":true,""role"":""reference"",""exists"":true,""kind"":""image""}]",10,720P,16:9
cn300v2_3c892e6d2a3c1c9b2242493c,ref2v,12,"在图片1画面镜头逐渐推进,推进时轻轻左右摇动镜头,主体人物和场景始终保持不动,子弹时间的镜头感觉;画面镜头向左旋转转然后转到图片2,镜头在图片2画面上轻轻左右30度摆动镜头,主体人物和场景始终保持不动,子弹时间的镜头感觉;","[{""type"":""image"",""index"":0,""url"":""https://cos-aigc-default.agnes-ai.com/2/ugc_image/363451e4-2f81-4ab5-af96-ee8ac4bb951d/1778142208_ed30a6d1.jpg"",""path"":""/kwkj-k8s/SQL/data/用户输入/有水印/图片/310699384383733760_0.jpg"",""request_url"":""https://cos-aigc-default.agnes-ai.com/2/ugc_image/363451e4-2f81-4ab5-af96-ee8ac4bb951d/1778142208_ed30a6d1.jpg"",""manifest_entry"":true,""role"":""first_frame"",""exists"":true,""kind"":""image""},{""type"":""image"",""index"":1,""url"":""https://cos-aigc-default.agnes-ai.com/2/ugc_image/363451e4-2f81-4ab5-af96-ee8ac4bb951d/1778142217_d09ab8fb.jpg"",""path"":""/kwkj-k8s/SQL/data/用户输入/有水印/图片/310699384383733760_1.jpg"",""request_url"":""https://cos-aigc-default.agnes-ai.com/2/ugc_image/363451e4-2f81-4ab5-af96-ee8ac4bb951d/1778142217_d09ab8fb.jpg"",""manifest_entry"":true,""role"":""reference"",""exists"":true,""kind"":""image""}]",8,720P,9:16
cn300v2_5a056b8999d127ec3380c221,ref2v,12,"近景 女帝[Reference Image 1]眼睛一下子亮起来,往前凑了凑,身体微微前倾,一脸好奇。 皇帝坐在椅子上[Reference Image 2],身体前倾靠近榻的方向, 【女主内心 OS】我开始缠着他问我的故事。","[{""type"":""image"",""index"":0,""url"":""https://cos-aigc-default.agnes-ai.com/pixa/ugc_image/f3470a8f-b1b2-4c27-a511-e9ff2c82d710/1783592542_a1cd25d7.png"",""path"":""/kwkj-k8s/SQL/data/用户输入/有水印/图片/333554740390535168_0.png"",""request_url"":""https://cos-aigc-default.agnes-ai.com/pixa/ugc_image/f3470a8f-b1b2-4c27-a511-e9ff2c82d710/1783592542_a1cd25d7.png"",""manifest_entry"":true,""role"":""reference"",""exists"":true,""kind"":""image""},{""type"":""image"",""index"":1,""url"":""https://cos-aigc-default.agnes-ai.com/pixa/ugc_image/f3470a8f-b1b2-4c27-a511-e9ff2c82d710/1783592623_d820b3c6.png"",""path"":""/kwkj-k8s/SQL/data/用户输入/有水印/图片/333554740390535168_1.png"",""request_url"":""https://cos-aigc-default.agnes-ai.com/pixa/ugc_image/f3470a8f-b1b2-4c27-a511-e9ff2c82d710/1783592623_d820b3c6.png"",""manifest_entry"":true,""role"":""reference"",""exists"":true,""kind"":""image""}]",5,720P,16:9
cn300v2_7e63b4059506ee870b5d6c95,ref2v,12,"女主(内心 OS,麻木平静的中性少女音,中文):“九千岁是我不自量力扶持起来对付那两位的。结果他在掌握大权后,反手把我架空了。”紫衣男子垂着眼,指尖纤细苍白,正低头给女主整理龙袍领口,嘴角带着似有若无的笑","[{""type"":""image"",""index"":0,""url"":""https://cos-aigc-default.agnes-ai.com/pixa/ugc_image/c4e2c744-2d36-4503-9579-e4087614e789/1781684675_aa10d4ba.png"",""path"":""/kwkj-k8s/SQL/data/用户输入/有水印/图片/325554334716895232_0.png"",""request_url"":""https://cos-aigc-default.agnes-ai.com/pixa/ugc_image/c4e2c744-2d36-4503-9579-e4087614e789/1781684675_aa10d4ba.png"",""manifest_entry"":true,""role"":""reference"",""exists"":true,""kind"":""image""}]",10,720P,16:9
cn300v2_81cce376640342917e3a16eb,ref2v,12,"[Reference Image 1]夜晚,一场高级时尚晚宴。穿红色缎面礼服的女生站在人群中央,远处突然响起连续的相机快门声。一道白色追光迅速扫向她。她转身穿过人群,推开侧门逃离。没有台词,只有急促高跟鞋声、呼吸声和快门声","[{""type"":""image"",""index"":0,""url"":""https://cos-aigc-default.agnes-ai.com/pixa/ugc_image/edecb692-1207-4743-b899-de615f4d060c/1785379514_a1301a45.png"",""path"":""/kwkj-k8s/SQL/data/用户输入/有水印/图片/341049713470038016_0.png"",""request_url"":""https://cos-aigc-default.agnes-ai.com/pixa/ugc_image/edecb692-1207-4743-b899-de615f4d060c/1785379514_a1301a45.png"",""manifest_entry"":true,""role"":""reference"",""exists"":true,""kind"":""image""}]",4,720P,16:9
cn300v2_8ed4988e301d87d7fc619602,ref2v,12,"近景 九千岁[Reference Image 1]侧躺着,手肘撑着脑袋,慢条斯理勾了勾唇角,语气带着点戏谑。 九千岁侧躺于榻上[Reference Image 2],面向皇帝,神情慵懒。 【九千岁】野史不保真,但足够野。","[{""type"":""image"",""index"":0,""url"":""https://cos-aigc-default.agnes-ai.com/pixa/ugc_image/f3470a8f-b1b2-4c27-a511-e9ff2c82d710/1783062997_37755fad.png"",""path"":""/kwkj-k8s/SQL/data/用户输入/有水印/图片/331333853675347968_0.png"",""request_url"":""https://cos-aigc-default.agnes-ai.com/pixa/ugc_image/f3470a8f-b1b2-4c27-a511-e9ff2c82d710/1783062997_37755fad.png"",""manifest_entry"":true,""role"":""reference"",""exists"":true,""kind"":""image""},{""type"":""image"",""index"":1,""url"":""https://cos-aigc-default.agnes-ai.com/pixa/ugc_image/f3470a8f-b1b2-4c27-a511-e9ff2c82d710/1783062987_136ac392.png"",""path"":""/kwkj-k8s/SQL/data/用户输入/有水印/图片/331333853675347968_1.png"",""request_url"":""https://cos-aigc-default.agnes-ai.com/pixa/ugc_image/f3470a8f-b1b2-4c27-a511-e9ff2c82d710/1783062987_136ac392.png"",""manifest_entry"":true,""role"":""reference"",""exists"":true,""kind"":""image""}]",6,720P,16:9
cn300v2_eefeee86e03e1c113ad3d175,ref2v,12,"**镜头运动**:近景固定机位,缓慢向前微推 **对应台词** 大伯(电话音,沙哑担忧):你奶奶最近总咳嗽,总念叨你,有空回来看看。 林晓[Reference Image 1](语气顿了顿,轻声应下):好大伯,我知道了,忙完这阵我就回去。","[{""type"":""image"",""index"":0,""url"":""https://cos-aigc-default.agnes-ai.com/pixa/ugc_image/786d449b-d034-4aea-ac3e-5e2a56dd7052/1784434901_592b8e74.png"",""path"":""/kwkj-k8s/SQL/data/用户输入/有水印/图片/337091110161813504_0.png"",""request_url"":""https://cos-aigc-default.agnes-ai.com/pixa/ugc_image/786d449b-d034-4aea-ac3e-5e2a56dd7052/1784434901_592b8e74.png"",""manifest_entry"":true,""role"":""reference"",""exists"":true,""kind"":""image""}]",6,720P,16:9
cn300v2_f014dc96e515ee00ad1b06be,ref2v,12,"女孩参考图1带着图2的眼镜站在图3里的足球场里,镜头极速拉远,变成大鱼眼镜头,背景变成扭曲成球形的城市建筑群,女性呈现出一种大头贴式的夸张透视感,然后镜头推近再变回原样。两种场景快速反复切换,卡点音乐。","[{""type"":""image"",""index"":0,""url"":""https://cos-aigc-default.agnes-ai.com/2/ugc_image/363451e4-2f81-4ab5-af96-ee8ac4bb951d/1777435120_64486960.png"",""path"":""/kwkj-k8s/SQL/data/用户输入/有水印/图片/307746389849350144_0.png"",""request_url"":""https://cos-aigc-default.agnes-ai.com/2/ugc_image/363451e4-2f81-4ab5-af96-ee8ac4bb951d/1777435120_64486960.png"",""manifest_entry"":true,""role"":""reference"",""exists"":true,""kind"":""image""},{""type"":""image"",""index"":1,""url"":""https://cos-aigc-default.agnes-ai.com/2/ugc_image/363451e4-2f81-4ab5-af96-ee8ac4bb951d/1777435125_0fdee17f.png"",""path"":""/kwkj-k8s/SQL/data/用户输入/有水印/图片/307746389849350144_1.png"",""request_url"":""https://cos-aigc-default.agnes-ai.com/2/ugc_image/363451e4-2f81-4ab5-af96-ee8ac4bb951d/1777435125_0fdee17f.png"",""manifest_entry"":true,""role"":""reference"",""exists"":true,""kind"":""image""},{""type"":""image"",""index"":2,""url"":""https://cos-aigc-default.agnes-ai.com/2/ugc_image/363451e4-2f81-4ab5-af96-ee8ac4bb951d/1777435130_5a9f7f33.png"",""path"":""/kwkj-k8s/SQL/data/用户输入/有水印/图片/307746389849350144_2.png"",""request_url"":""https://cos-aigc-default.agnes-ai.com/2/ugc_image/363451e4-2f81-4ab5-af96-ee8ac4bb951d/1777435130_5a9f7f33.png"",""manifest_entry"":true,""role"":""reference"",""exists"":true,""kind"":""image""}]",8,720P,9:16
cn300v2_11894ae55bab5c6c0619d860,ref2v,13,"参考第1张图片里的女孩形象,生成狗仔户外街拍视频,男孩牵着女孩的手从豪车上下来,被人群围观,男孩面容清晰无畸变,温柔向粉丝挥手,女孩可以低头、捂脸或者抬手挡镜头,五官清晰无变形,皮肤白皙通透,发丝在微风中轻扬,可戴墨镜、口罩或者都不戴,可手持咖啡杯,两侧有戴墨镜的保镖,两人位于画面中心,拍摄距离稍远,阳光清新通透,在人物身后形成逆光轮廓光和发丝光,可添加前景遮挡,采用俯拍、正拍、侧拍等自由视角,画面带有轻微镜头晃动和适度电影颗粒质感,超写实,电影感,8K,无水印","[{""type"":""image"",""index"":0,""url"":""https://cos-aigc-default.agnes-ai.com/pixa/chat_attachment/06922494-ad03-4cbf-878e-cd8568df9d60/1780005125_6206686b.png"",""path"":""/kwkj-k8s/SQL/data/用户输入/有水印/图片/318507969742512128_0.png"",""request_url"":""https://cos-aigc-default.agnes-ai.com/pixa/chat_attachment/06922494-ad03-4cbf-878e-cd8568df9d60/1780005125_6206686b.png"",""manifest_entry"":true,""role"":""reference"",""exists"":true,""kind"":""image""},{""type"":""image"",""index"":1,""url"":""https://cos-aigc-default.agnes-ai.com/pixa/chat_attachment/06922494-ad03-4cbf-878e-cd8568df9d60/1779996826_4aa6ecc0.jpg"",""path"":""/kwkj-k8s/SQL/data/用户输入/有水印/图片/318507969742512128_1.jpg"",""request_url"":""https://cos-aigc-default.agnes-ai.com/pixa/chat_attachment/06922494-ad03-4cbf-878e-cd8568df9d60/1779996826_4aa6ecc0.jpg"",""manifest_entry"":true,""role"":""reference"",""exists"":true,""kind"":""image""}]",5,720P,9:16
cn300v2_6997a3e77357cb807609184d,ref2v,13,"低饱和高级灰色彩,电影级光影,参考上传角色设定图风格,统一人物画风,保持首辅、将军、兵部尚书的人设脸型、发型、服饰一致。2D,二次元,动漫风格,半写实厚涂,低饱和暗红墨灰色调,暗调宫廷光影。高细节,8k分辨率率,阴影部分颜色清透,场景纵深感,4k超清,hdr,细节丰富完美,阴影部分层次丰富。人物动作流程,转场自然。 0~5s 近景, 红衣男子表情认真,眼神清澈,对着紫衣男子(低沉磁性的中年男子声音,中文)说:“回督公,除了请假的两个,都到齐了。”","[{""type"":""image"",""index"":0,""url"":""https://cos-aigc-default.agnes-ai.com/pixa/chat_attachment/eb2ea441-8e7e-499c-8df2-d50ca4f53134/1781761045_b92397a4.jpg"",""path"":""/kwkj-k8s/SQL/data/用户输入/有水印/图片/325872936556728320_0.jpg"",""request_url"":""https://cos-aigc-default.agnes-ai.com/pixa/chat_attachment/eb2ea441-8e7e-499c-8df2-d50ca4f53134/1781761045_b92397a4.jpg"",""manifest_entry"":true,""role"":""reference"",""exists"":true,""kind"":""image""}]",5,720P,16:9
cn300v2_6ceadf530a8e7d3217fbd093,ref2v,13,"16:9,古风朝堂漫剧分镜草稿图,暗调古典电影感,半写实国风人物插画风格。大殿全景建立镜头,从殿门方向沿中轴线看向皇位,黑金雕纹中式朝堂大殿恢弘空旷,朱红立柱,龙纹皇位,冷灰暗金色调。女主独自坐在皇位中央,17岁少年皇帝,实际女扮男装,身形纤细单薄,被巨大龙椅和空旷朝堂衬得更小。左侧文官列队,首辅穿红袍站最前;右侧武官列队,将军穿银甲披血色披风站最前,兵部尚书穿墨绿官袍手持账本站靠前;九千岁站在皇位台阶右前侧。女主(内心 OS)中性少女音:“我担惊受怕了一晚上。直到第二天,九千岁让我独自上朝。” 中文。不要字幕,不要文字,不要水印。","[{""type"":""image"",""index"":0,""url"":""https://cos-aigc-default.agnes-ai.com/pixa/chat_attachment/f3470a8f-b1b2-4c27-a511-e9ff2c82d710/1781692120_b637a908.jpg"",""path"":""/kwkj-k8s/SQL/data/用户输入/有水印/图片/325583728026021888_0.jpg"",""request_url"":""https://cos-aigc-default.agnes-ai.com/pixa/chat_attachment/f3470a8f-b1b2-4c27-a511-e9ff2c82d710/1781692120_b637a908.jpg"",""manifest_entry"":true,""role"":""reference"",""exists"":true,""kind"":""image""}]",8,720P,16:9
cn300v2_d355ef303cf157262c97fab5,ref2v,13,"第一视角自拍,男生手掌伸手向前,古风古装白衣绝美仙侠少女,黑长直秀发,精致灵动五官,温柔眼神,冲破破碎电脑屏幕,次元壁破裂,玻璃碎裂特效,电竞房场景,霓虹氛围感灯光,桌面键盘音响,赛博红光蓝光光影,粒子水晶特效,超清8K,电影质感,极致细腻,真人质感,氛围感拉满,景深虚化,高清写实AIGC。反向关键词:模糊,低画质,畸形,丑脸,变形,扭曲,水印,文字,杂乱背景。风格参数:二次元国风古风,真人渲染,抖音爆款AIGC,3D渲染,氛围感大片。要真实 极度的真实,原比例","[{""type"":""image"",""index"":0,""url"":""https://cos-aigc-default.agnes-ai.com/pixa/chat_attachment/ce280d6e-3a12-466b-ba95-05febbfe558a/1782895713_e83c9654.jpg"",""path"":""/kwkj-k8s/SQL/data/用户输入/有水印/图片/330631462286172160_0.jpg"",""request_url"":""https://cos-aigc-default.agnes-ai.com/pixa/chat_attachment/ce280d6e-3a12-466b-ba95-05febbfe558a/1782895713_e83c9654.jpg"",""manifest_entry"":true,""role"":""reference"",""exists"":true,""kind"":""image""}]",5,720P,9:16
cn300v2_22fec53a92b32d07fecf70e6,ref2v,14,"一个穿白色衣服的十几岁的女生,这用双手拉着一个和他一样年纪的,黑色衣服的坐在沙发上的男生。两人的表情是开心愉悦,嬉戏打闹。 男生站起来,衣服变成了白色衬衫,已是成年模样,嘴角微微上扬,似乎是在兴奋,女生则缓慢蹲下,眼里满是绝望和苦苦哀嚎。","[{""type"":""image"",""index"":0,""url"":""https://cos-aigc-default.agnes-ai.com/pixa/chat_attachment/f58ad0dd-6845-44ac-a2ed-bf7cb11ef9f6/1778905922_101487a9.jpg"",""path"":""/kwkj-k8s/SQL/data/用户输入/有水印/图片/316148927288074240_0.jpg"",""request_url"":""https://cos-aigc-default.agnes-ai.com/pixa/chat_attachment/f58ad0dd-6845-44ac-a2ed-bf7cb11ef9f6/1778905922_101487a9.jpg"",""manifest_entry"":true,""role"":""reference"",""exists"":true,""kind"":""image""},{""type"":""image"",""index"":1,""url"":""https://cos-aigc-default.agnes-ai.com/pixa/chat_attachment/f58ad0dd-6845-44ac-a2ed-bf7cb11ef9f6/1778905922_3d51affe.jpg"",""path"":""/kwkj-k8s/SQL/data/用户输入/有水印/图片/316148927288074240_1.jpg"",""request_url"":""https://cos-aigc-default.agnes-ai.com/pixa/chat_attachment/f58ad0dd-6845-44ac-a2ed-bf7cb11ef9f6/1778905922_3d51affe.jpg"",""manifest_entry"":true,""role"":""reference"",""exists"":true,""kind"":""image""},{""type"":""image"",""index"":2,""url"":""https://cos-aigc-default.agnes-ai.com/pixa/chat_attachment/f58ad0dd-6845-44ac-a2ed-bf7cb11ef9f6/1778905922_d1ecd723.png"",""path"":""/kwkj-k8s/SQL/data/用户输入/有水印/图片/316148927288074240_2.png"",""request_url"":""https://cos-aigc-default.agnes-ai.com/pixa/chat_attachment/f58ad0dd-6845-44ac-a2ed-bf7cb11ef9f6/1778905922_d1ecd723.png"",""manifest_entry"":true,""role"":""reference"",""exists"":true,""kind"":""image""}]",5,720P,9:16
cn300v2_269f22c38ce5527ce274e587,ref2v,14,"0-3s:头发突然爆炸然后变成爆炸头,二次元手绘爆炸特效,颜色保持不变,欢快的卡点音乐,不要说话。 3-6s:一团棉花盖在头发上,人物疑惑的用手抹去棉花,头发变成大波浪卷发,颜色保持不变,欢快的卡点音乐,不要说话。","[{""type"":""image"",""index"":0,""url"":""https://cos-aigc-default.agnes-ai.com/2/ugc_image/363451e4-2f81-4ab5-af96-ee8ac4bb951d/1777520011_230fded7.png"",""path"":""/kwkj-k8s/SQL/data/用户输入/有水印/图片/308086930562613248_0.png"",""request_url"":""https://cos-aigc-default.agnes-ai.com/2/ugc_image/363451e4-2f81-4ab5-af96-ee8ac4bb951d/1777520011_230fded7.png"",""manifest_entry"":true,""role"":""reference"",""exists"":true,""kind"":""image""}]",6,720P,16:9
cn300v2_2ae04929b6a752de32582c14,ref2v,14,"生成一个火箭第一视角,不要出现火箭,从图一飞速穿越至图三的场景。要求穿越视角极速且运镜丝滑转场有逻辑,最后必须落到图三的陆地上。同时中间可以遇到一些颠簸,撞击到墙体然后迅速换方向这些场景视频","[{""type"":""image"",""index"":0,""url"":""https://cos-aigc-default.agnes-ai.com/pixa/chat_attachment/edecb692-1207-4743-b899-de615f4d060c/1778056545_2cc1057d.jpg"",""path"":""/kwkj-k8s/SQL/data/用户输入/有水印/图片/310337453848264704_0.jpg"",""request_url"":""https://cos-aigc-default.agnes-ai.com/pixa/chat_attachment/edecb692-1207-4743-b899-de615f4d060c/1778056545_2cc1057d.jpg"",""manifest_entry"":true,""role"":""reference"",""exists"":true,""kind"":""image""},{""type"":""image"",""index"":1,""url"":""https://cos-aigc-default.agnes-ai.com/pixa/chat_attachment/edecb692-1207-4743-b899-de615f4d060c/1778056544_a127e160.jpg"",""path"":""/kwkj-k8s/SQL/data/用户输入/有水印/图片/310337453848264704_1.jpg"",""request_url"":""https://cos-aigc-default.agnes-ai.com/pixa/chat_attachment/edecb692-1207-4743-b899-de615f4d060c/1778056544_a127e160.jpg"",""manifest_entry"":true,""role"":""reference"",""exists"":true,""kind"":""image""},{""type"":""image"",""index"":2,""url"":""https://cos-aigc-default.agnes-ai.com/pixa/chat_attachment/edecb692-1207-4743-b899-de615f4d060c/1778056607_1f6c792f.jpg"",""path"":""/kwkj-k8s/SQL/data/用户输入/有水印/图片/310337453848264704_2.jpg"",""request_url"":""https://cos-aigc-default.agnes-ai.com/pixa/chat_attachment/edecb692-1207-4743-b899-de615f4d060c/1778056607_1f6c792f.jpg"",""manifest_entry"":true,""role"":""reference"",""exists"":true,""kind"":""image""}]",10,720P,9:16
cn300v2_791e452084c0a538ea67e0d5,ref2v,14,"在图像1中,这个男孩戴着图像2中的眼镜,站在图像3所示的足球场中心。他的表情空白。镜头快速拉近,转换为极端鱼眼镜头,呈现鱼眼镜头效果。背景变成扭曲的城市建筑群,男孩呈现夸张的“闪光拍立得”视角。然后镜头再次拉近,回到原来的视角。两个画面快速切换,同时伴随着节拍驱动的配乐。","[{""type"":""image"",""index"":0,""url"":""https://cos-aigc-default.agnes-ai.com/pixa/chat_attachment/735a165a-64e8-4b47-899d-cdf7a2451a78/1777527549_2b11b2fd.jpg"",""path"":""/kwkj-k8s/SQL/data/用户输入/有水印/图片/308116039330242560_0.jpg"",""request_url"":""https://cos-aigc-default.agnes-ai.com/pixa/chat_attachment/735a165a-64e8-4b47-899d-cdf7a2451a78/1777527549_2b11b2fd.jpg"",""manifest_entry"":true,""role"":""reference"",""exists"":true,""kind"":""image""},{""type"":""image"",""index"":1,""url"":""https://cos-aigc-default.agnes-ai.com/pixa/chat_attachment/735a165a-64e8-4b47-899d-cdf7a2451a78/1777527555_f8ac082e.jpg"",""path"":""/kwkj-k8s/SQL/data/用户输入/有水印/图片/308116039330242560_1.jpg"",""request_url"":""https://cos-aigc-default.agnes-ai.com/pixa/chat_attachment/735a165a-64e8-4b47-899d-cdf7a2451a78/1777527555_f8ac082e.jpg"",""manifest_entry"":true,""role"":""reference"",""exists"":true,""kind"":""image""},{""type"":""image"",""index"":2,""url"":""https://cos-aigc-default.agnes-ai.com/pixa/chat_attachment/735a165a-64e8-4b47-899d-cdf7a2451a78/1777527555_be38e8ee.jpg"",""path"":""/kwkj-k8s/SQL/data/用户输入/有水印/图片/308116039330242560_2.jpg"",""request_url"":""https://cos-aigc-default.agnes-ai.com/pixa/chat_attachment/735a165a-64e8-4b47-899d-cdf7a2451a78/1777527555_be38e8ee.jpg"",""manifest_entry"":true,""role"":""reference"",""exists"":true,""kind"":""image""}]",4,720P,9:16
cn300v2_8a0780aa9f2799ad97983dd6,ref2v,14,"生成一段丝滑的视频,主体对着镜头双手合十,与此同时主体的服装此时慢慢变成印尼传统服饰,变化过程丝滑。第2秒背景开始渐渐变成图二背景。画面过渡流畅不突兀。整个过程严格保持相同的面部身份,无抖动,超写实,电影级画质。","[{""type"":""image"",""index"":0,""url"":""https://cos-aigc-default.agnes-ai.com/template/28018f96-b614-4fc4-ac0f-375b2bdeecd2/b70d8baee8e242b9af07eaf643c5a8f2.jpg"",""path"":""/kwkj-k8s/SQL/data/用户输入/有水印/图片/325620414776844288_0.jpg"",""request_url"":""https://cos-aigc-default.agnes-ai.com/template/28018f96-b614-4fc4-ac0f-375b2bdeecd2/b70d8baee8e242b9af07eaf643c5a8f2.jpg"",""manifest_entry"":true,""role"":""reference"",""exists"":true,""kind"":""image""},{""type"":""image"",""index"":1,""url"":""https://cos-aigc-default.agnes-ai.com/m15-watermarks/water-88428424e9892eb0f427ee94c8ec5407-0-0e37bff4bfd1.jpg"",""path"":""/kwkj-k8s/SQL/data/用户输入/有水印/图片/325620414776844288_1.jpg"",""request_url"":""https://cos-aigc-default.agnes-ai.com/m15-watermarks/water-88428424e9892eb0f427ee94c8ec5407-0-0e37bff4bfd1.jpg"",""manifest_entry"":true,""role"":""reference"",""exists"":true,""kind"":""image""}]",8,720P,9:16
cn300v2_a6d96044a02d2a863b492e27,ref2v,14,"生成一段视频 图一的人物走这个极窄的路 结果一不小心掉下去,然后落入一个黑洞,转瞬进入图二的场景。要求前半段惊险刺激,切转场丝滑","[{""type"":""image"",""index"":0,""url"":""https://cos-aigc-default.agnes-ai.com/pixa/chat_attachment/edecb692-1207-4743-b899-de615f4d060c/1778058706_3e27799c.jpg"",""path"":""/kwkj-k8s/SQL/data/用户输入/有水印/图片/310344307265662976_0.jpg"",""request_url"":""https://cos-aigc-default.agnes-ai.com/pixa/chat_attachment/edecb692-1207-4743-b899-de615f4d060c/1778058706_3e27799c.jpg"",""manifest_entry"":true,""role"":""reference"",""exists"":true,""kind"":""image""},{""type"":""image"",""index"":1,""url"":""https://cos-aigc-default.agnes-ai.com/pixa/chat_attachment/edecb692-1207-4743-b899-de615f4d060c/1778058714_49fe3c09.jpg"",""path"":""/kwkj-k8s/SQL/data/用户输入/有水印/图片/310344307265662976_1.jpg"",""request_url"":""https://cos-aigc-default.agnes-ai.com/pixa/chat_attachment/edecb692-1207-4743-b899-de615f4d060c/1778058714_49fe3c09.jpg"",""manifest_entry"":true,""role"":""reference"",""exists"":true,""kind"":""image""}]",10,720P,9:16
cn300v2_c67496eb1c9ad56fca779c18,ref2v,14,"修复并为这张黑白老照片上色,用前后对比转场,从之前的黑白照片过渡到彩色照片,去除破损、划痕和噪点,补全缺失背景,还原真实自然的色彩,整体色调低饱和,高质感,不改变人物神态和动作,提升画面清晰度,8k画质,。固定镜头,然后彩色照片动起来老人亲吻了下孩子的脸颊,孩子开心的笑了,老人宠溺的看着孩子","[{""type"":""image"",""index"":0,""url"":""https://cos-aigc-default.agnes-ai.com/pixa/chat_attachment/735a165a-64e8-4b47-899d-cdf7a2451a78/1777520617_64c3f709.jpg"",""path"":""/kwkj-k8s/SQL/data/用户输入/有水印/图片/308086708310740992_0.jpg"",""request_url"":""https://cos-aigc-default.agnes-ai.com/pixa/chat_attachment/735a165a-64e8-4b47-899d-cdf7a2451a78/1777520617_64c3f709.jpg"",""manifest_entry"":true,""role"":""reference"",""exists"":true,""kind"":""image""}]",10,720P,4:3
cn300v2_f6ff59ee84e3a5c3a108c118,ref2v,14,"图片1中的女生站在画面中央,看向镜头,微笑摆 pose,像在拍大头贴。伴随相机“咔嚓”拍照音效,屏幕出现一次明显白色闪光灯闪烁效果。闪光结束后,变成图片2中的场景,场景中的女生各自摆出不同的动作。","[{""type"":""image"",""index"":0,""url"":""https://cos-aigc-default.agnes-ai.com/2/ugc_image/363451e4-2f81-4ab5-af96-ee8ac4bb951d/1778209839_f0d5ceed.jpg"",""path"":""/kwkj-k8s/SQL/data/用户输入/有水印/图片/310978722647838720_0.jpg"",""request_url"":""https://cos-aigc-default.agnes-ai.com/2/ugc_image/363451e4-2f81-4ab5-af96-ee8ac4bb951d/1778209839_f0d5ceed.jpg"",""manifest_entry"":true,""role"":""reference"",""exists"":true,""kind"":""image""},{""type"":""image"",""index"":1,""url"":""https://cos-aigc-default.agnes-ai.com/2/ugc_image/363451e4-2f81-4ab5-af96-ee8ac4bb951d/1778209860_681e2b69.jpg"",""path"":""/kwkj-k8s/SQL/data/用户输入/有水印/图片/310978722647838720_1.jpg"",""request_url"":""https://cos-aigc-default.agnes-ai.com/2/ugc_image/363451e4-2f81-4ab5-af96-ee8ac4bb951d/1778209860_681e2b69.jpg"",""manifest_entry"":true,""role"":""reference"",""exists"":true,""kind"":""image""}]",8,720P,1:1
cn300v2_30207506945f009ecc7b56a8,ref2v,15,"时长 画面内容 动作细节(凸显可爱) 音效/ 0-3s 森林空地,地面堆着干树枝,小桃子手持迷你小斧头站在柴堆旁 踮着小短脚,小手握斧用力劈柴,身体跟着一晃一晃,脸蛋微微憋红,动作笨拙又乖巧 咔嚓劈柴声 3-6s 柴枝劈好散落一地,小桃子弯腰收拢木柴 双臂环抱住木柴,柴堆比身子还宽,走路摇摇晃晃,小屁股轻轻左右扭动 沙沙挪柴声 6-9s 走到简易石灶旁,弯腰把木柴依次放进灶膛 身体前倾,小手一点点摆放柴火,时不时歪头检查,黑圆大眼睛眨巴眨巴 轻脆落柴声 9-12s 俯身点燃柴火,火苗慢慢窜起 小手小心凑近引火,点完立刻往后退半步,睁大眼睛望着火苗,模样好奇又胆怯 火苗噼啪声+软萌轻呼","[{""type"":""image"",""index"":0,""url"":""https://cos-aigc-default.agnes-ai.com/pixa/chat_attachment/735a165a-64e8-4b47-899d-cdf7a2451a78/1779893847_0fdd4183.heic"",""path"":""/kwkj-k8s/SQL/data/用户输入/有水印/图片/318043194185060352_0.jpg"",""request_url"":""https://cos-aigc-default.agnes-ai.com/pixa/chat_attachment/735a165a-64e8-4b47-899d-cdf7a2451a78/1779893847_0fdd4183.heic"",""manifest_entry"":true,""role"":""reference"",""exists"":true,""kind"":""image""}]",12,720P,9:16
cn300v2_50aad6a532aead2007cc02cc,ref2v,15,"切换到第一视角展示信的内容,上面写着:好久不见(英文)。只要音效不要背景音乐","[{""type"":""image"",""index"":0,""url"":""https://cos-aigc-default.agnes-ai.com/2/ugc_image/363451e4-2f81-4ab5-af96-ee8ac4bb951d/1778486909_ad34c1e9.png"",""path"":""/kwkj-k8s/SQL/data/用户输入/有水印/图片/312142323488174080_0.png"",""request_url"":""https://cos-aigc-default.agnes-ai.com/2/ugc_image/363451e4-2f81-4ab5-af96-ee8ac4bb951d/1778486909_ad34c1e9.png"",""manifest_entry"":true,""role"":""reference"",""exists"":true,""kind"":""image""}]",7,720P,9:16
cn300v2_d9b293e0c355f4e682f9ae3e,ref2v,15,"旁白,女帝在龙椅上思索,内心os(平静冷淡的声音中性少女音):“九千岁参与政斗,威胁我。”","[{""type"":""image"",""index"":0,""url"":""https://cos-aigc-default.agnes-ai.com/pixa/chat_attachment/c4e2c744-2d36-4503-9579-e4087614e789/1782698694_bf3dcea4.jpg"",""path"":""/kwkj-k8s/SQL/data/用户输入/有水印/图片/329806569416433664_0.jpg"",""request_url"":""https://cos-aigc-default.agnes-ai.com/pixa/chat_attachment/c4e2c744-2d36-4503-9579-e4087614e789/1782698694_bf3dcea4.jpg"",""manifest_entry"":true,""role"":""reference"",""exists"":true,""kind"":""image""}]",6,720P,16:9
cn300v2_dd0079a15cf020a392c3470c,ref2v,15,"切换到第一视角展示信的内容,上面写着:好久不见(英文)(女生惊恐的呼吸急促的声音)。只要音效不要背景音乐","[{""type"":""image"",""index"":0,""url"":""https://cos-aigc-default.agnes-ai.com/2/ugc_image/363451e4-2f81-4ab5-af96-ee8ac4bb951d/1778486909_ad34c1e9.png"",""path"":""/kwkj-k8s/SQL/data/用户输入/有水印/图片/312144065378500608_0.png"",""request_url"":""https://cos-aigc-default.agnes-ai.com/2/ugc_image/363451e4-2f81-4ab5-af96-ee8ac4bb951d/1778486909_ad34c1e9.png"",""manifest_entry"":true,""role"":""reference"",""exists"":true,""kind"":""image""}]",7,720P,9:16
cn300v2_fb42c09399dbc47fc834158f,ref2v,15,"图一女生眼神迷离,眼睛半张摇头晃脑(马上要睡着的摇头晃脑,眼睛半张但是在用力睁眼)(4秒),一点点低头和眼睛慢慢闭上(0.5秒),头低到一定程度脑袋不受控制“砸向“桌面(只是个运动趋势不要真的砸到桌子上!)(0.2秒)。(直接)切镜头到图二,图二女生抬起头睁开眼睛(1秒),眼睛左看一眼,右看一眼,伸手把嘴里的狗尾巴草摘下来,转头离开镜头。\n背景音乐要卡点,卡上中间切镜头的部分。","[{""type"":""image"",""index"":0,""url"":""https://app.agnes-ai.com/gcs-agnes-aigc/71117293-47ce-43b1-bb54-75af5e10544d.png"",""path"":""/kwkj-k8s/SQL/data/用户输入/有水印/图片/307040357527576576_0.png"",""request_url"":""https://app.agnes-ai.com/gcs-agnes-aigc/71117293-47ce-43b1-bb54-75af5e10544d.png"",""manifest_entry"":true,""role"":""reference"",""exists"":true,""kind"":""image""},{""type"":""image"",""index"":1,""url"":""https://app.agnes-ai.com/gcs-agnes-aigc/49451877-c21b-40bb-9856-949509c1f936.png"",""path"":""/kwkj-k8s/SQL/data/用户输入/有水印/图片/307040357527576576_1.png"",""request_url"":""https://app.agnes-ai.com/gcs-agnes-aigc/49451877-c21b-40bb-9856-949509c1f936.png"",""manifest_entry"":true,""role"":""reference"",""exists"":true,""kind"":""image""}]",10,720P,16:9
cn300v2_391fa16ac16b61a299c189ca,ref2v,16,"微暗的中式客厅里,一名二十八岁东亚男性站在深棕色皮质双人沙发前,身穿白色长袖衬衫,两只袖口卷至小臂中段,颈间没有领带,身上没有外套。他先是原地愣住,表情凝固,眼神茫然;随后眉头缓缓皱起。他开口说中文普通话:""夜莺?什么意思?""——男声,二十八岁,中高音区,音色偏亮偏薄,带明显气声,语速比之前放慢,音量降低,语气疑惑不解,情绪从激动转为困惑,不是朗读,不是播音,口型与台词精确同步。说完之后他缓缓坐进身后的双人沙发,双人沙发请参考图二中年轻人后面的沙发,沙发上所有的物品都要保持存在,他坐在双人沙发上,上半身前倾,两条手肘撑在膝上,不再说话。声音:他坐下时衣物与皮质沙发摩擦发出轻微的窸窣声,皮革受力发出一声低沉的挤压声。室内环境音,低频空调运转的持续嗡鸣,整体安静。这个镜头里只有这一个人说话,没有第二个人的声音,没有旁白,没有背景音乐。固定机位,摄影机完全不动,画面没有推拉摇移,没有变焦。画面干净,没有字幕,没有文字。","[{""type"":""image"",""index"":0,""url"":""https://cos-aigc-default.agnes-ai.space/pixa/ugc_image/e1f9bf0b-64ef-4b60-a4fa-358b7867ce23/1786528568_37209e77.png"",""path"":""/kwkj-k8s/SQL/data/用户输入/有水印/图片/345870252407681024_0.png"",""request_url"":""https://cos-aigc-default.agnes-ai.space/pixa/ugc_image/e1f9bf0b-64ef-4b60-a4fa-358b7867ce23/1786528568_37209e77.png"",""manifest_entry"":true,""role"":""reference"",""exists"":true,""kind"":""image""},{""type"":""image"",""index"":1,""url"":""https://cos-aigc-default.agnes-ai.space/pixa/ugc_image/e1f9bf0b-64ef-4b60-a4fa-358b7867ce23/1786528656_089347bb.jpg"",""path"":""/kwkj-k8s/SQL/data/用户输入/有水印/图片/345870252407681024_1.jpg"",""request_url"":""https://cos-aigc-default.agnes-ai.space/pixa/ugc_image/e1f9bf0b-64ef-4b60-a4fa-358b7867ce23/1786528656_089347bb.jpg"",""manifest_entry"":true,""role"":""reference"",""exists"":true,""kind"":""image""}]",6,720P,16:9
cn300v2_69a1e01c4e60ae0762c0c8a8,ref2v,16,"超真实写实电影画风,8K超清分辨率,电影级暖调光影。特写镜头,固定运镜,浅景深。 画面:老式民居房间内,黄褐色斑驳墙面,木窗透入自然光,空气中浮尘可见。旧木桌上铺着红纸,奶奶的双手指尖捏着红剪刀,动作稳而庄重地剪窗花。剪好的崂山松涛纹样红色窗花落在桌上,剪纸纹理清晰可见。奶奶伸手把旧木收纳盒拉到小孩面前,指尖轻轻点过盒里的三样旧物(一把旧木梳、一枚铜钱、一块老玉牌)。 人物:奶奶穿深蓝色传统中式盘扣罩衫,灰白头发,手指苍老但动作从容。面前一个小男孩(穿传统中式衣服)坐在对面,安静地看着。 人物台词与口型完全音画同步(中文对话,清晰台词):奶奶带着空谷混响般的沧桑感说:""这三样,是奶奶年轻时候在崂山书院留下的。人家说那里藏着文脉传承,我啊,记了一辈子。"" 音效:奶奶台词清晰为主,环境音为布料摩擦声、剪刀剪纸声、窗花落纸声。无背景音乐。整体氛围温暖怀旧,庄重自然,无夸张表演。","[{""type"":""image"",""index"":0,""url"":""https://cos-aigc-default.agnes-ai.space/agnes/chat_attachment/55d805ff-a923-4006-b03a-d250994d46e8/1785983311_39292b66.jpg"",""path"":""/kwkj-k8s/SQL/data/用户输入/有水印/图片/343581801910214656_0.jpg"",""request_url"":""https://cos-aigc-default.agnes-ai.space/agnes/chat_attachment/55d805ff-a923-4006-b03a-d250994d46e8/1785983311_39292b66.jpg"",""manifest_entry"":true,""role"":""reference"",""exists"":true,""kind"":""image""},{""type"":""image"",""index"":1,""url"":""https://cos-aigc-default.agnes-ai.space/agnes/chat_attachment/55d805ff-a923-4006-b03a-d250994d46e8/1785983311_7468669c.jpg"",""path"":""/kwkj-k8s/SQL/data/用户输入/有水印/图片/343581801910214656_1.jpg"",""request_url"":""https://cos-aigc-default.agnes-ai.space/agnes/chat_attachment/55d805ff-a923-4006-b03a-d250994d46e8/1785983311_7468669c.jpg"",""manifest_entry"":true,""role"":""reference"",""exists"":true,""kind"":""image""}]",8,720P,16:9
cn300v2_16148aeb9bba4a27374b614c,ref2v,17,"一个欧美女人在海边的沙滩上,胳膊靠着这个产品[Reference Image 1],产品放大,不要穿模和人物变型,生成这样一个广告宣传视频。不需要字幕,仅需音乐,台词为:新大白200u :瘦小腿 瘦肩膀 去皱 大型批文厂家出品 放心使用。比例9:16[Reference Image 1]","[{""type"":""image"",""index"":0,""url"":""https://cos-aigc-default.agnes-ai.com/pixa/ugc_image/d1fbdb56-7804-474c-8ac0-e66d52ff7098/1784858066_720a29b5.png"",""path"":""/kwkj-k8s/SQL/data/用户输入/有水印/图片/338862581502681088_0.png"",""request_url"":""https://cos-aigc-default.agnes-ai.com/pixa/ugc_image/d1fbdb56-7804-474c-8ac0-e66d52ff7098/1784858066_720a29b5.png"",""manifest_entry"":true,""role"":""reference"",""exists"":true,""kind"":""image""}]",10,720P,9:16
cn300v2_268d13c7472a769c64526092,ref2v,17,"参考图1中的主体,超写实 8K 电影画质,背景为晴朗蓝天与城市高空远景,整体氛围超现实,光影柔和真实,五张巨型悬浮麻将作为高空走道,单张麻将方正厚实,白底绿边,牌面清晰印有万子图案,质感立体写实。麻将摆放:前三张纵向单列直线排列,间距均匀,后两张横向左右并列摆放,衔接在单列麻将前方。尽头是摩托大楼的一块天台平台,建筑墙体连接,空旷高空场景,,运动自然,无穿模、无肢体畸形、画面无崩坏、无跳帧卡顿。 第三人称后方跟拍,镜头稳定顺滑,无抖动。年轻女性全程背对镜头,赤脚,双脚并拢同步起跳、同步落地,小幅度向前连续轻跳,不大步跨越,双手轻微张开保持身体平衡,发丝与衣物随风轻微飘动,动作连贯自然、节奏舒缓。","[{""type"":""image"",""index"":0,""url"":""https://cos-aigc-default.agnes-ai.com/2/ugc_image/363451e4-2f81-4ab5-af96-ee8ac4bb951d/1777340877_a2238fa9.png"",""path"":""/kwkj-k8s/SQL/data/用户输入/有水印/图片/307333828498845696_0.png"",""request_url"":""https://cos-aigc-default.agnes-ai.com/2/ugc_image/363451e4-2f81-4ab5-af96-ee8ac4bb951d/1777340877_a2238fa9.png"",""manifest_entry"":true,""role"":""reference"",""exists"":true,""kind"":""image""},{""type"":""image"",""index"":1,""url"":""https://cos-aigc-default.agnes-ai.com/2/ugc_image/363451e4-2f81-4ab5-af96-ee8ac4bb951d/1777340894_1a6d207c.png"",""path"":""/kwkj-k8s/SQL/data/用户输入/有水印/图片/307333828498845696_1.png"",""request_url"":""https://cos-aigc-default.agnes-ai.com/2/ugc_image/363451e4-2f81-4ab5-af96-ee8ac4bb951d/1777340894_1a6d207c.png"",""manifest_entry"":true,""role"":""reference"",""exists"":true,""kind"":""image""}]",6,720P,9:16
cn300v2_580b7fc23f54591997a42f0b,ref2v,17,"帮我生成一个视频:参考第1张图片中的人物形象,生成室外场景狗仔视角路透抓拍视频。人物以顶级CEO身份从豪华商务车中下车,周围跟随数名戴墨镜的保镖保护。主角面部清晰无变形,神态冷静自信,带有高级感和强大气场,可轻微整理西装、扣袖口或向远处挥手示意。皮肤质感自然通透,微风吹动头发和衣角,呈现真实电影级抓拍感。可佩戴墨镜、手拿咖啡或公文包,也可不拿。保镖分布在人物周围,保持警戒状态,画面中心聚焦主角。镜头稍远,采用狗仔偷拍风格,具有高级时尚大片氛围。阳光清透且光线位于人物背后,形成明显轮廓光与发丝光。镜头前景可加入路人、车门或树叶等遮挡物,采用自由角度、俯拍角度,正面与侧面镜头切换,画面带有轻微手持抖动和中度颗粒感,营造真实街拍路透效果。","[{""type"":""image"",""index"":0,""url"":""https://cos-aigc-default.agnes-ai.com/pixa/chat_attachment/20556812-e718-4243-a821-1408caf3ef9f/1779869570_5543332c.jpg"",""path"":""/kwkj-k8s/SQL/data/用户输入/有水印/图片/317939139097989120_0.jpg"",""request_url"":""https://cos-aigc-default.agnes-ai.com/pixa/chat_attachment/20556812-e718-4243-a821-1408caf3ef9f/1779869570_5543332c.jpg"",""manifest_entry"":true,""role"":""reference"",""exists"":true,""kind"":""image""}]",5,720P,9:16
cn300v2_b48035db25b1d51060339e78,ref2v,17,"视频开头是手机地图界面特写,地图上标记着自由女神像的位置。 动作按顺序发生: 1. 一只手的手指捏住红色定位别针,向下轻轻按压。 2. 手指向上抽出别针,地图被扎破的位置开始撕裂。 3. 自由女神像从地图的破洞中缓缓弹出、逐渐变大,镜头跟随雕像缓慢推进。 4. 随着镜头不断拉近,雕像模型过渡为真实的自由女神像场景,画面最终定格在坐在雕像前的图片1中的女生身上,转场自然丝滑,全程无卡顿、无变形,画质清晰流畅。","[{""type"":""image"",""index"":0,""url"":""https://cos-aigc-default.agnes-ai.com/2/ugc_image/363451e4-2f81-4ab5-af96-ee8ac4bb951d/1778308621_68ddd563.jpg"",""path"":""/kwkj-k8s/SQL/data/用户输入/有水印/图片/311392669557440512_0.jpg"",""request_url"":""https://cos-aigc-default.agnes-ai.com/2/ugc_image/363451e4-2f81-4ab5-af96-ee8ac4bb951d/1778308621_68ddd563.jpg"",""manifest_entry"":true,""role"":""reference"",""exists"":true,""kind"":""image""}]",8,720P,9:16
cn300v2_e4c252421894b4c0b931f41f,ref2v,17,"参考第1张图片中的女生形象和第2张图片中的男生形象,生成室外场景狗仔视角路透抓拍视频,男生牵手女生下车被发现,男生面部清晰无变形,做出看到粉丝招手的饭撒动作;女生低头,可手遮脸、不遮脸或手张开遮镜头,面部清晰无变形,皮肤白皙通透,微风吹动头发,呈现不经意的抓拍感,可戴墨镜、黑口罩或不戴,可手拿咖啡或不拿。周围有戴墨镜保镖,画面中心为两人,镜头稍远,具有高级感,阳光清透且光线在人物背后,形成轮廓光和发丝光。镜头前景可有遮挡物,采用自由角度、俯拍角度,正面侧面均可,画面带有轻微抖动和中度颗粒感.","[{""type"":""image"",""index"":0,""url"":""https://cos-aigc-default.agnes-ai.com/agnes/chat_attachment/8e1ed813-3688-4e9f-8d31-61376b1e13af/1778477542_78d8e8e4.jpg"",""path"":""/kwkj-k8s/SQL/data/用户输入/无标签/图片/312102855632809984_0.jpg"",""request_url"":""https://cos-aigc-default.agnes-ai.com/agnes/chat_attachment/8e1ed813-3688-4e9f-8d31-61376b1e13af/1778477542_78d8e8e4.jpg"",""manifest_entry"":true,""role"":""reference"",""exists"":true,""kind"":""image""},{""type"":""image"",""index"":1,""url"":""https://cos-aigc-default.agnes-ai.com/agnes/chat_attachment/8e1ed813-3688-4e9f-8d31-61376b1e13af/1778478100_95a9924f.png"",""path"":""/kwkj-k8s/SQL/data/用户输入/无标签/图片/312102855632809984_1.png"",""request_url"":""https://cos-aigc-default.agnes-ai.com/agnes/chat_attachment/8e1ed813-3688-4e9f-8d31-61376b1e13af/1778478100_95a9924f.png"",""manifest_entry"":true,""role"":""reference"",""exists"":true,""kind"":""image""}]",8,720P,9:16
cn300v2_f2aef092a4f421988e17db74,ref2v,17,"10秒古风写实动态短片,4K/60fps,暖金色柔光,窗棂光影流动。 东方古典美人,淡黄色半透纱质古风长裙,皮肤通透,发间金色发饰。 动态细节:纱衣随呼吸起伏,微风拂动发丝与纱帘,角色缓慢眨眼、侧头浅笑,镜头缓慢推镜+拉远,呼吸感运镜。 风格:温柔慵懒,古风朦胧,真实布料与皮肤质感,无变形无卡顿。","[{""type"":""image"",""index"":0,""url"":""https://cos-aigc-default.agnes-ai.com/pixa/chat_attachment/b13f838a-f268-4af6-92e8-99b818e31280/1777873835_1b8a96cf.jpg"",""path"":""/kwkj-k8s/SQL/data/用户输入/有水印/图片/309568831123193856_0.jpg"",""request_url"":""https://cos-aigc-default.agnes-ai.com/pixa/chat_attachment/b13f838a-f268-4af6-92e8-99b818e31280/1777873835_1b8a96cf.jpg"",""manifest_entry"":true,""role"":""reference"",""exists"":true,""kind"":""image""}]",10,720P,9:16
cn300v2_f74bb962b1e50d1fd3d89aae,ref2v,17,"第三人称跟拍视角,慢动作镜头,一位穿着蓝色上衣和浅色裤子的年轻女性,正从高空巨大麻将牌步道上向前跳跃,从一块麻将牌精准跳到前一块麻将牌上,动作连贯轻盈,赤脚踩在麻将牌上,手臂自然摆动保持平衡,风带动她的头发和衣服飘动,背景是摩天大楼顶端和城市高空天际线,步道由“四万、五万、六万”等巨大麻将牌组成,终点是前方的天台平台,全程动作流畅无卡顿,真实物理运动轨迹,电影级动态模糊,超写实光影,8K高清,无畸形肢体,无动作穿模","[{""type"":""image"",""index"":0,""url"":""https://cos-aigc-default.agnes-ai.com/2/ugc_image/363451e4-2f81-4ab5-af96-ee8ac4bb951d/1777281421_af0fbd0b.png"",""path"":""/kwkj-k8s/SQL/data/用户输入/有水印/图片/307084046937128960_0.png"",""request_url"":""https://cos-aigc-default.agnes-ai.com/2/ugc_image/363451e4-2f81-4ab5-af96-ee8ac4bb951d/1777281421_af0fbd0b.png"",""manifest_entry"":true,""role"":""reference"",""exists"":true,""kind"":""image""},{""type"":""image"",""index"":1,""url"":""https://cos-aigc-default.agnes-ai.com/2/ugc_image/363451e4-2f81-4ab5-af96-ee8ac4bb951d/1777281427_4392f0aa.png"",""path"":""/kwkj-k8s/SQL/data/用户输入/有水印/图片/307084046937128960_1.png"",""request_url"":""https://cos-aigc-default.agnes-ai.com/2/ugc_image/363451e4-2f81-4ab5-af96-ee8ac4bb951d/1777281427_4392f0aa.png"",""manifest_entry"":true,""role"":""reference"",""exists"":true,""kind"":""image""}]",8,720P,9:16
cn300v2_6c02f51e19868c541cff24ae,ref2v,18,"镜头21(3秒) 景别:近景 画面 林知寒从口袋取出名片。 镜头22(3秒) 景别:手部特写 画面 名片递到镜头前。 镜头23(3秒) 景别:名片特写 画面文字 【蝉鸣心理研究中心】 【林知寒】 镜头24(3秒) 景别:中景 台词 林知寒: ""想聊聊,周三下午我都在。"" 第一张是陈默,第二张是林知寒,第三张是礼堂后台,按照剧本生成12秒漫剧","[{""type"":""image"",""index"":0,""url"":""https://cos-aigc-default.agnes-ai.com/pixa/chat_attachment/4ae4ec77-95bf-46cc-91ad-ab01f0668f76/1779429367_09e682c1.png"",""path"":""/kwkj-k8s/SQL/data/用户输入/有水印/图片/320068472541515776_0.png"",""request_url"":""https://cos-aigc-default.agnes-ai.com/pixa/chat_attachment/4ae4ec77-95bf-46cc-91ad-ab01f0668f76/1779429367_09e682c1.png"",""manifest_entry"":true,""role"":""reference"",""exists"":true,""kind"":""image""},{""type"":""image"",""index"":1,""url"":""https://cos-aigc-default.agnes-ai.com/pixa/chat_attachment/4ae4ec77-95bf-46cc-91ad-ab01f0668f76/1779429372_5a50ab4a.png"",""path"":""/kwkj-k8s/SQL/data/用户输入/有水印/图片/320068472541515776_1.png"",""request_url"":""https://cos-aigc-default.agnes-ai.com/pixa/chat_attachment/4ae4ec77-95bf-46cc-91ad-ab01f0668f76/1779429372_5a50ab4a.png"",""manifest_entry"":true,""role"":""reference"",""exists"":true,""kind"":""image""},{""type"":""image"",""index"":2,""url"":""https://cos-aigc-default.agnes-ai.com/pixa/chat_attachment/4ae4ec77-95bf-46cc-91ad-ab01f0668f76/1780316744_8fc6826c.png"",""path"":""/kwkj-k8s/SQL/data/用户输入/有水印/图片/320068472541515776_2.png"",""request_url"":""https://cos-aigc-default.agnes-ai.com/pixa/chat_attachment/4ae4ec77-95bf-46cc-91ad-ab01f0668f76/1780316744_8fc6826c.png"",""manifest_entry"":true,""role"":""reference"",""exists"":true,""kind"":""image""}]",12,720P,9:16
cn300v2_7ce44c600d352c25ade20b7f,ref2v,18,"飞入→特写→问候→拉远→下一个角色。 生成的最终视频请去掉红线,另外角色顺序按照红线标注从头到尾。每个国家的人需要用当地的语言打招呼并带字幕,需要循环一周,具体的信息可以参考第二张图。","[{""type"":""image"",""index"":0,""url"":""https://cos-aigc-default.agnes-ai.com/pixa/chat_attachment/4ae4ec77-95bf-46cc-91ad-ab01f0668f76/1781254432_21eb8d12.png"",""path"":""/kwkj-k8s/SQL/data/用户输入/有水印/图片/323775418461093888_0.png"",""request_url"":""https://cos-aigc-default.agnes-ai.com/pixa/chat_attachment/4ae4ec77-95bf-46cc-91ad-ab01f0668f76/1781254432_21eb8d12.png"",""manifest_entry"":true,""role"":""reference"",""exists"":true,""kind"":""image""},{""type"":""image"",""index"":1,""url"":""https://cos-aigc-default.agnes-ai.com/pixa/chat_attachment/4ae4ec77-95bf-46cc-91ad-ab01f0668f76/1781254430_2026399f.png"",""path"":""/kwkj-k8s/SQL/data/用户输入/有水印/图片/323775418461093888_1.png"",""request_url"":""https://cos-aigc-default.agnes-ai.com/pixa/chat_attachment/4ae4ec77-95bf-46cc-91ad-ab01f0668f76/1781254430_2026399f.png"",""manifest_entry"":true,""role"":""reference"",""exists"":true,""kind"":""image""}]",10,720P,9:16
cn300v2_b4c1a5a15601c80ae523ea57,ref2v,18,"镜头29(3秒) 景别:眼部特写 画面 眼眶渐渐泛红。 镜头30(3秒) 景别:极近特写(结尾镜头) 画面 一滴眼泪砸落在名片上。名片上的字是画面文字【蝉鸣心理研究中心】【林知寒】 音效 ""啪。"" 按照镜头接着生成12秒视频","[{""type"":""image"",""index"":0,""url"":""https://cos-aigc-default.agnes-ai.com/pixa/chat_attachment/4ae4ec77-95bf-46cc-91ad-ab01f0668f76/1780398538_9c36fdac.jpg"",""path"":""/kwkj-k8s/SQL/data/用户输入/有水印/图片/320160085620015104_0.jpg"",""request_url"":""https://cos-aigc-default.agnes-ai.com/pixa/chat_attachment/4ae4ec77-95bf-46cc-91ad-ab01f0668f76/1780398538_9c36fdac.jpg"",""manifest_entry"":true,""role"":""reference"",""exists"":true,""kind"":""image""}]",12,720P,9:16
cn300v2_d6e01efad2c3b2d9a5649829,ref2v,18,"我首先创建了一个宽敞的豪华办公室场景,并在其中放置了8个AI角色。然后,我在图像上直接画了一条红线来控制FPV摄像机的路径。这条线仅供模型读取,在最终视频中会被移除。 我使用了带有红色路径标记的场景图像,以及角色卡片。 动作模式,按照红线的箭头路径,最后生成视频需要去掉红线,另外在问候的时候要生成对应的国家预言和对应国家语言的字幕: 飞入→特写→问候→拉远→下一个角色。","[{""type"":""image"",""index"":0,""url"":""https://cos-aigc-default.agnes-ai.com/pixa/chat_attachment/4ae4ec77-95bf-46cc-91ad-ab01f0668f76/1781254430_2026399f.png"",""path"":""/kwkj-k8s/SQL/data/用户输入/有水印/图片/323756240799096832_0.png"",""request_url"":""https://cos-aigc-default.agnes-ai.com/pixa/chat_attachment/4ae4ec77-95bf-46cc-91ad-ab01f0668f76/1781254430_2026399f.png"",""manifest_entry"":true,""role"":""reference"",""exists"":true,""kind"":""image""},{""type"":""image"",""index"":1,""url"":""https://cos-aigc-default.agnes-ai.com/pixa/chat_attachment/4ae4ec77-95bf-46cc-91ad-ab01f0668f76/1781254432_21eb8d12.png"",""path"":""/kwkj-k8s/SQL/data/用户输入/有水印/图片/323756240799096832_1.png"",""request_url"":""https://cos-aigc-default.agnes-ai.com/pixa/chat_attachment/4ae4ec77-95bf-46cc-91ad-ab01f0668f76/1781254432_21eb8d12.png"",""manifest_entry"":true,""role"":""reference"",""exists"":true,""kind"":""image""},{""type"":""image"",""index"":2,""url"":""https://cos-aigc-default.agnes-ai.com/pixa/chat_attachment/4ae4ec77-95bf-46cc-91ad-ab01f0668f76/1781254430_2026399f.png"",""path"":""/kwkj-k8s/SQL/data/用户输入/有水印/图片/323756240799096832_2.png"",""request_url"":""https://cos-aigc-default.agnes-ai.com/pixa/chat_attachment/4ae4ec77-95bf-46cc-91ad-ab01f0668f76/1781254430_2026399f.png"",""manifest_entry"":true,""role"":""reference"",""exists"":true,""kind"":""image""}]",12,720P,16:9
cn300v2_f42fb5d653d90d737f54b5fd,ref2v,18,"超写实访谈节目场景,女主持人穿着带黑色花纹的白色连衣裙,坐在白色沙发上,微笑着看向对面沙发上的小猫咪;猫咪穿着白色 T 恤,表情呆萌。背景是带几何图案的灰色背景墙,挂着复古灯泡,桌上放着麦克风,字幕 “Is your mom on a diet? ,小猫回答说every day!,大师级运镜,明亮的演播室灯光,真实的质感,温馨有趣的氛围,高细节,8K 画质","[{""type"":""image"",""index"":0,""url"":""https://cos-aigc-default.agnes-ai.com/pixa/chat_attachment/735a165a-64e8-4b47-899d-cdf7a2451a78/1777269259_02f6a4ec.jpg"",""path"":""/kwkj-k8s/SQL/data/用户输入/有水印/图片/307032454707838976_0.jpg"",""request_url"":""https://cos-aigc-default.agnes-ai.com/pixa/chat_attachment/735a165a-64e8-4b47-899d-cdf7a2451a78/1777269259_02f6a4ec.jpg"",""manifest_entry"":true,""role"":""reference"",""exists"":true,""kind"":""image""},{""type"":""image"",""index"":1,""url"":""https://cos-aigc-default.agnes-ai.com/pixa/chat_attachment/735a165a-64e8-4b47-899d-cdf7a2451a78/1777269259_a8cedaba.jpg"",""path"":""/kwkj-k8s/SQL/data/用户输入/有水印/图片/307032454707838976_1.jpg"",""request_url"":""https://cos-aigc-default.agnes-ai.com/pixa/chat_attachment/735a165a-64e8-4b47-899d-cdf7a2451a78/1777269259_a8cedaba.jpg"",""manifest_entry"":true,""role"":""reference"",""exists"":true,""kind"":""image""}]",10,720P,9:16
